1.4554706216181823,-0.22717167412364025,3.3129242490849613,-1.4044417116345538,-2.307416716613842,2.1723878631892886,0.0
-0.216303261957016,-1.777676455423089,1.2586476783887792,-1.0660483761368442,6.214187138320529,0.4661011884480314,0.0
2.6454290960240705,0.09706810335366256,3.7144220021670673,-3.9551661155441966,2.47159409079298,2.105540315769913,0.0
-0.2176136701551954,2.3515097347239475,0.44919943804300344,4.247587652868896,-3.199734703041198,0.49109418104869207,0.0
1.6263576012458367,5.445502437363227,-0.5317079520085615,1.810643875921882,3.3441944324965918,0.1426805459612872,0.0
1.9034529936006128,2.008614640144617,1.4356766251050386,-1.312005080349667,-1.5083309205649473,2.7353022101771582,0.0
1.3773811110548946,-0.9189892309165846,1.2249976629309018,-0.008321706166010578,-3.3792350631937733,0.8151812339616106,0.0
-0.07138260272449104,-0.6376986830846634,4.468807688998306,1.9415388775458986,-0.8069133078790371,-1.7807924644554243,0.0
-0.0029862584051745245,5.503583530916525,0.3933206272079647,-1.1184251844246695,1.3129822745964375,3.248152764206158,0.0
1.696091922566801,2.348840378937229,1.6355802035055074,0.03234523118213661,-0.3090406923015585,1.7091406278487564,0.0
1.441518382383813,4.71000329873381,3.7630678636000487,-1.5100948481364163,-0.2682895146295179,3.19268753385893,0.0
-0.3067287256508502,1.7335770655438372,2.2540103616812672,1.4353616010035632,-4.6047005478363,-1.5160580536933725,0.0
1.0619978392767409,4.32106652559503,4.58202803176837,1.1006739845913323,3.435290870694491,1.9090228008977037,0.0
1.6155387969803567,-1.0183257888481965,1.5451011016447507,-3.182083998435937,-0.01222534617735671,4.3863309877716645,0.0
2.3564588345804456,-0.558603366214085,-1.3754114208125015,0.10513757659604372,0.40024020538597305,4.40781916713715,0.0
0.5815224930733865,0.9824702778638471,0.16541557860193057,-1.1570758974925353,0.258992325340617,0.21391589489511853,0.0
0.14334217129263693,2.34455910439591,-0.7078764400664472,-1.6484082117493046,1.645609551950022,2.547641155120192,0.0
-0.8817319830500401,1.1041460710868363,0.4924512659727943,-0.18533366120235018,-1.2446334755331194,-2.96391311920561,0.0
1.774775590338364,1.035141208430876,2.5217095650778574,1.576764766699975,1.8258771020717244,-0.147485207673266,0.0
0.8223483712685576,6.6339772525297525,3.3540787646806582,0.08835741933467822,-5.723440089617635,-1.177154181141923,0.0
2.33670863964568,3.081687345140498,-0.3484459212417297,2.136405881733274,-1.4116287389723858,2.647733355020385,0.0
2.110459117035561,1.4758763101385892,4.989669442029573,-0.6260536218974173,1.5855551661029699,-1.6692518097619167,0.0
0.30206472836604636,-3.574032442734861,0.3590574348187673,0.48761946642703136,1.789657105534463,2.263883106799425,0.0
1.206286044869124,0.5440003029196746,0.586510451038635,-2.340722916832307,1.423069436370367,6.173778695979255,0.0
0.805101001569364,-0.9624457021918529,0.6260020756752427,1.0733817859889705,0.8611682878488172,-0.7946339889693839,0.0
-0.4442131956126165,-2.688226341926301,3.3843798376902345,1.3282046216599115,-3.6890897745920217,1.0920856423158813,0.0
1.264785429333148,0.828809362240249,1.0674310328731678,-1.447780271661118,3.8338593569639974,2.5693627924945144,0.0
0.23581248982684422,2.4043222761056535,3.425003388164282,1.0642400632274944,0.6019766278998135,0.5546692899346811,0.0
1.8592850378554202,-0.3132031346929196,-1.3990291560187647,-2.011754386831526,-2.7134230174973415,2.4994649594780536,0.0
0.47989939807860793,-1.1328366916021433,2.321590482090959,1.5401551226735166,0.17337914272522148,-2.1558358197975815,0.0
-0.7793939983432787,4.645532464871288,1.2133581453343671,3.721707727277645,-0.806216013209827,2.239089121668055,0.0
0.4027146288092498,3.208646252634716,0.15253727373801584,-1.7693726793736024,-0.27348307860602117,-0.492511998454328,0.0
1.2171782147950518,6.994048948504475,-0.33588804454398846,-0.4987440780296484,2.1085507319057593,0.9913683712456036,0.0
0.7390380179536467,-1.8413756292691263,2.059765768130415,2.398189953875229,1.349434584805297,1.1974124394006904,0.0
1.2201899815079555,5.784772692933434,-0.19645993035983245,-2.9905504167433348,5.331966097143672,0.04031134027261307,0.0
1.542574626862641,-0.8599118000236321,1.5347794586293886,1.8959909539323534,4.515901819108459,1.1816597403162907,0.0
0.5495400232273998,2.373459351708811,0.5840378815117069,2.7801082096879943,-0.47141475799427957,3.5941004433855372,0.0
1.4731092791548415,2.4242911755786505,1.1554818469003936,-1.2478553312626368,3.115165734125417,4.248896280347584,0.0
1.040301723794791,-0.09030241346295798,-2.2845941903706146,0.4573241196960106,-4.34738819094502,1.1622313432040798,0.0
0.01109913964196041,-2.395886591553492,1.6603673389314935,4.642263985412406,3.3933259804930365,0.5369948500905292,0.0
0.2492365599266917,-3.8314861386601518,0.36945728686806256,-1.151757144128167,2.1602367820452852,4.950800415960716,0.0
-2.3850091865874616,-3.4954455838007217,0.5447568000913185,3.744340163820381,0.616249473518264,-0.5294912353825005,0.0
1.566953990996048,6.203910837511665,0.8123927944700177,3.0977385052978903,-0.43943567036441733,1.427974609824728,0.0
1.888963808839701,3.1237662021089707,1.8108475842369625,2.4311365928468547,-0.7330994807488094,2.146016086974395,0.0
0.5069247262326415,-0.02467240996657183,2.403246454923277,0.19795736233271932,-0.6732957262364421,1.63058651277536,0.0
-0.6429969725240545,0.1389831920022292,-0.6245261871005581,2.2078691253856797,-2.8000398057532707,2.2711391555976377,0.0
-0.2280351942197989,2.205081786586533,0.567826781873105,1.1675649138457445,1.8081013770426901,-1.1743401466098544,0.0
0.9191030444281796,1.56137371811068,0.9962487691717677,8.51241026733403,4.763384167938828,-1.5612418778824106,0.0
-0.7140041213301023,7.84033810958904,2.278390246240913,0.705374605886669,1.4152438851012024,1.3700670696298856,0.0
1.5889907264645338,0.5642642907823119,0.8165413110567771,-0.2184672555306708,1.4034587174261466,3.1690818539859222,0.0
0.022832748945329162,1.5332812795806114,0.9601821969150407,-1.5610030999978517,-1.0014180245482058,2.871726040255333,0.0
1.3263330802725706,1.9881477014600424,1.8648524440635663,-0.31774899579384863,4.735510464064812,4.330552872874168,0.0
-0.12839890472107518,0.9236149641151573,2.2486130720988173,0.2953452544012203,1.5537499334567415,0.39760614491477475,0.0
0.9451041083482036,0.8826645169827154,1.9175588675176025,1.4707691151699014,-2.685299338775641,0.22624889898476308,0.0
1.8559769439978968,0.31618123749112337,1.340199457417252,4.160308270652568,0.2400265051090018,4.4368268098647174,0.0
-0.08047148018056505,0.8054841436904437,3.5175619924573325,1.462489208296993,-0.19478064078164503,2.798154186671831,0.0
1.4854237688977645,3.8166597944885927,-0.21384110485529062,3.1935840787607375,-6.636687258560869,-1.6841107032037383,0.0
1.0690552952279968,2.6362263054236426,-2.1661862283147713,5.287433906355801,-5.067030632714143,-0.6192757236924815,0.0
3.120485181528791,-0.4501717256190225,-0.40178732170115095,0.21745085129280317,-0.36619232487578346,2.150939323405647,0.0
1.1077079356696826,0.43741052667702474,2.1083661469143182,-2.993003032300746,-3.109512022711984,0.1752646197219957,0.0
1.5474597638913,-0.28478659754860214,-0.36018689406042337,2.074991157954538,-2.766203294472616,3.55017924150829,0.0
1.3872526847306008,-3.0134802157524447,3.0228802315288403,5.497804755835062,-2.1934885988432864,2.238399615872547,0.0
0.4353308596952863,2.185709290887846,1.0104409988937293,0.139407347036008,-3.6488970958510807,1.9529178877271849,0.0
0.7647407760559867,5.155334862735101,-1.413362892041611,-0.44465852824814234,0.07596509759748771,3.639740084805051,0.0
2.870698138461587,2.8693256948303727,2.376449439112692,0.5471615967641786,2.194353572015301,3.936006310814394,0.0
0.026485195080470536,-5.939315718264169,1.5923543984647308,2.108720826608905,1.8413097104074834,0.9604989350237707,0.0
-0.02788110339306682,-3.82925320042928,2.6274189952601787,-2.6189523410261772,1.8004116894470403,0.740177248604931,0.0
1.4541513506103252,-0.405691088915364,1.1144601332007347,-2.6775157898194344,-1.910110890625809,2.3028641247101103,0.0
1.5911932469036025,0.049779735365066635,0.9505334362598863,0.203249679974298,5.465365946568487,2.512119749051968,0.0
2.6133945826154377,2.9906691299293886,2.782787245989222,7.15862260802207,0.9127932996870439,1.5549956153832487,0.0
0.9423808702584159,3.8845657071557933,3.207541828401953,-1.7199270805278966,-1.7740691972259222,-3.3081572883454005,0.0
-0.366113909659016,1.8245861370871017,-1.5539696904115559,1.6962103636421635,-3.4273655908416973,-1.3598955370848729,0.0
0.11838846129804692,3.208155314261158,-1.8066903258561848,0.141175256053082,1.254640640772783,0.7113820162736357,0.0
-0.39361412828018105,3.608539258031957,-1.1861654330663125,-0.46236595479120535,1.5471491835382434,3.0953192456426426,0.0
1.6867201799533518,0.67922676157573,1.9024155118219332,2.977442547458705,-4.769942064740203,-0.5762724449849372,0.0
1.752629938125082,-0.43588721114170426,3.377608025006249,2.7262510482904885,3.0705958048376982,3.7145956979179022,0.0
1.2165629270134153,-0.3092891261009958,0.21691431312438103,-2.666510041689264,2.377638241115539,-0.4135429797293193,0.0
-0.02928771126902152,2.0193374717924213,-2.2343452232073955,2.3462731786373157,-0.10610026677157114,0.4021722121833008,0.0
1.3126004282222383,-1.0600464981663462,0.2105868252100167,2.5814961274924872,6.707443150097545,3.521568755349021,0.0
0.5371350206989185,3.7623889392151764,3.0991309738626738,-1.0022508926193558,-7.062575651181843,-0.7061667464651031,0.0
1.58290384245569,0.8926846934230311,1.9153094959103396,3.7774218377951176,5.104412312393536,0.5700929333577843,0.0
2.5674430304735747,1.2262013256405044,1.761774976581684,1.330512794344418,-0.7285859951871836,0.9506794340045186,0.0
2.4776287405721558,3.4219083428107444,0.10793065002801239,0.3159690919559991,2.238074888548308,2.023552411961454,0.0
0.7974996391735789,-1.4301718459165826,-2.688301212982882,4.2051648784438544,5.395936633668949,-0.9678389310951581,0.0
0.6668818475411075,3.7871968629586426,1.2067258994304295,1.9828165786928535,-1.3126809273669542,0.7717301020334235,0.0
1.4252998888925414,3.132877821020645,2.4274061623601613,1.0413902654318659,-4.634845258819258,-0.6690638145748955,0.0
0.18147075832025816,1.0621678464141584,1.0472049773582102,3.6075218062686583,-0.8716793699476209,3.5635867318839223,0.0
0.9522237091164639,-0.800912073962815,-0.6847463199084611,-0.5455476826735453,-2.84495877634761,-1.145479825844102,0.0
-1.0995661433702026,-2.0147799482998234,1.1713350406321046,1.2761323123292754,3.701185243090374,1.6580198716123853,0.0
0.11790485574929277,-0.7583477410618829,3.2700610984935556,0.4533893360325748,4.58863605117048,1.6810877002018658,0.0
1.0443927456612816,4.06348343350421,0.4162589970433369,-1.9576124297345574,-2.8381952467629814,-2.159545377121851,0.0
-0.9994126410540203,1.8915731021199553,0.1473281390295499,-0.43457240785877604,2.021637778506938,2.7820205449643796,0.0
0.8834435450245115,-0.4037426264335606,0.695103455717354,1.679701587229252,-0.45704230385287614,3.545728391274915,0.0
2.3426309045581446,6.130339317474688,3.682080819086778,-2.477032979947886,1.4052306234058516,0.8375436126246345,0.0
1.1479869369789975,-1.1369540688347661,2.9780455304646454,4.042300553611185,4.274026202564141,0.7217490634485955,0.0
0.06649739393267728,-2.499493862550613,-2.9713692831988134,1.0370296354617072,5.0087227235002265,-1.9517619829977786,0.0
1.1865464969403043,1.3266818194281274,1.6002412294699857,5.067934279225843,-0.21223846998083573,0.3422619205418056,0.0
0.9954034825792405,0.6737690548124445,0.7675115878161911,-3.74124546891439,3.3047172000623135,1.5504433062240635,0.0
4.252341304678218,-0.14435420289385004,-0.6442003836773871,1.136553011185156,-5.592695352073533,0.9317209613076014,0.0
2.4028177205807184,1.978603310445735,1.9427493230458577,4.129291029343306,-0.7667553020458171,2.8640959135347366,0.0
2.4380360638180827,6.856582395726521,1.215473177393558,0.24001141211758803,3.6345783152694424,2.7657804719789785,0.0
0.5306219874098569,-1.1489746148556836,0.5371323871401805,-0.22583269574722964,2.6008622555310392,0.7481063637522128,0.0
1.209900667543803,0.10429101799093687,2.189245634521865,2.658809585881939,-2.730484637261931,3.084805411577825,0.0
2.9798200707384295,1.2259760416901082,3.0043050830852356,5.446772855531075,6.712643811082523,1.2940483569946872,0.0
-1.068245781804825,3.047462468253337,0.0013826540515068375,0.7850986776108054,-0.810218614040429,4.809830355432838,0.0
0.9918651871086577,3.795978847099419,0.14985675695531564,0.9333204663139807,1.1579250431161523,-2.4209519606521335,0.0
-0.33027310050201386,-4.182460090319885,-0.42443148983367296,-3.2418072696078175,7.757967294324036,0.46629319593754937,0.0
-0.5399073489355353,0.580799599959924,-2.2187405338644166,1.8809066376571675,-0.6426679088336256,2.2890076821060568,0.0
2.762411365506506,1.3251290497029844,-3.5100225874246656,-0.1855790937493138,3.6519552093753127,0.8615860853908495,0.0
2.039280024273692,1.5268477282546145,-1.2328365162290078,4.756387040146146,0.8066634981697629,0.3446580992185513,0.0
1.0091666833328738,3.683296348524091,1.7914836731866823,0.08023118711371013,2.308404022423982,0.05246285716650634,0.0
0.08759732736342207,2.216672891846116,0.5922776061753303,1.382821779979168,-0.5705984928530108,0.9523822036952037,0.0
0.6818033792783935,-3.8056209241294665,-1.7955475578551394,2.676375847804458,0.8410502894023604,0.23537595124012045,0.0
1.4759216087761142,1.419435529547798,-0.5127845685382528,2.778988493797293,-0.410338473283429,1.8209107265259856,0.0
2.8489727861654393,5.406780538712494,2.9334718296137186,2.0415842939028437,2.8696024916407747,-2.1535245146482325,0.0
1.6269475647132305,0.8361542112643515,-0.12972493646001104,1.483226691676605,3.239587183238155,-2.260894135251348,0.0
1.8024162542585636,5.601176340405007,-3.4618815733448383,-2.1501435737634367,-4.295297004320148,3.148576226843088,0.0
-0.439153191767488,2.8730321223202324,1.4429685003838861,-0.09731041826953457,4.708633989416281,0.12880662166657741,0.0
0.5992267926828585,-2.6920614133350194,-0.5641494450176725,0.008614707110776276,-3.8475243971814983,2.5066741899318945,0.0
1.5643828298073021,2.3701851847703947,3.4333283819443396,4.777433997838219,-0.9739517839712715,1.1919510404900755,0.0
0.48432542310237736,-2.9537111461037826,-0.5465551072386283,-0.13576570891082196,-6.857720850172557,3.1170731573655366,0.0
1.9427175586076193,4.351249748660501,-0.5912155042086875,1.4706013436180494,-0.9557882924717536,0.04842897071791996,0.0
2.441047715437343,3.724210268628352,4.154494899193768,4.495495089694632,2.065798483958554,0.7578562293280882,0.0
1.3840575690659238,1.6974085790318771,-0.33824712472823504,3.211018105974823,-2.4138527537530003,4.141567350528717,0.0
2.157500474949891,0.7076234720433277,2.6369591978899303,2.0443504702214543,1.073566837563932,-2.1027374698428187,0.0
-0.1613562894144316,0.32904903951725006,-2.8376831399081923,1.968366153027075,3.8316821879910736,0.8858935294946848,0.0
-0.29646627192157915,2.330464831501966,-2.2839687415501637,1.8474696924787624,2.352998237577295,0.40306883157768203,0.0
0.5419425768397652,-2.854971854104087,-1.5932273066635614,0.06594942040353013,4.289835074511693,1.125543224457237,0.0
0.19050786855931634,2.404197023051107,1.5761264319958204,1.0435448151785278,6.280510195507499,-0.10221014273619322,0.0
1.186159851694406,2.866830519249456,1.0929432160493846,1.1289484217183345,0.7669475779345415,-1.4126577625236014,0.0
0.9759808461279528,1.3595102190653836,0.4064667350382498,3.6555476562615232,0.323997087993546,0.2796834551865034,0.0
1.248693774736583,2.1327803639781306,-0.09817524470288896,1.0638609765580551,2.460404723849122,-1.7011910068148066,0.0
2.8846914640697054,5.968198457422331,-2.450942286575367,6.14344495419531,-3.221928207805833,4.114007027333798,0.0
2.4329637881692143,4.578021876712771,4.899778792223858,-1.1746493351623823,1.1991746864959554,2.0036894382849697,0.0
0.9473571137499451,-0.2673143894900294,-0.0316574291298386,-3.242303173468846,-1.231976284756016,0.9107147883754917,0.0
0.717967768134613,0.8360898708115733,1.566956075646369,-0.06987990601271798,-1.6981016154952977,1.9388408484193884,0.0
1.9512826342557936,1.7968006605490823,1.1978328163139713,-0.6226778404814979,-2.7234991210025195,1.6217355979262935,0.0
1.181923876638443,0.5321639841816338,1.5510912196782844,6.479134558752134,6.3998335954909535,0.1119987277283635,0.0
2.2935972608413087,-0.2948961601933482,0.4680854234774319,4.555494071969703,2.161927546045187,0.6721170887305127,0.0
2.4699211946634674,1.7760814645374672,-2.096869483990451,1.7199900743146332,4.556745561836493,2.804856797176517,0.0
0.7666717904627883,3.6215152126866754,-1.2357856611024647,-0.8201406753394334,0.41779084460683913,3.416847388617498,0.0
1.992984793601905,-2.464353795731974,2.376241712654572,-1.025603235942055,3.5663380633659245,0.33570012477651556,0.0
1.2643115815409771,4.386674190222771,0.4671817100722613,-0.861439939326335,-2.671756819928543,2.347024211617874,0.0
2.2150773105233723,-0.6614171211685496,2.310198878104668,2.789266372428539,-3.76714506687991,0.1790728395018767,0.0
1.525429267257226,-1.5685019566038902,1.1045708856398109,-1.8335908020926595,-3.720820478886628,-2.214925637993776,0.0
1.506367357887138,5.402679875764117,3.3452264294957588,-0.03680326616082841,5.477663243343154,1.2153029705134788,0.0
3.725632164997149,0.21844420731898884,-0.8828863577057495,3.5868213462869765,-6.863470692280645,2.594784961705532,0.0
1.524854049832565,-0.4048597061019181,2.039421449119433,3.739000521604988,-0.4794232033664243,1.5711001996488743,0.0
-0.17979803134281425,3.4207805181188715,0.7207746196499898,-1.7935215164484726,2.9865753041248917,2.5861664217687617,0.0
0.7929363063634338,3.3994152764205867,0.9726552886308061,-0.18882484097149188,0.859478053525107,-0.7143474353503603,0.0
1.9684090279303226,-0.5487707719396859,0.9782996126509468,-0.07234099277066086,1.1750537838814463,-1.1489648690345846,0.0
1.3010690249472359,1.5070392999318014,3.6140531007887726,3.7376979208232624,3.198839103079554,1.459227657275152,0.0
-0.28095810216348127,1.5838234374480489,3.17386744037814,3.317650726429704,-5.199682347184119,0.8437604982483642,0.0
1.5550486862652084,-3.160353761102603,0.7997550491107069,6.0136959910039876,4.782506155679729,0.2903976300882266,0.0
1.0047005688234325,1.5208782574569386,-0.46088691392499737,-0.2355356919760807,3.3085155450704042,2.3865457155228373,0.0
-0.8228247993359665,-3.0738536631326623,3.9347383089188726,3.4762366008612435,-2.230749960343543,2.6256090337716196,0.0
2.2689739679951106,-0.49868611108819194,2.126308500090911,2.6120552603375065,2.9392719943691397,4.315574883329983,0.0
0.851744716848711,5.175730719635571,0.011621292079057155,-0.09062797680011347,2.133626442325114,1.6242564176279333,0.0
-0.7746740045360287,-0.3573068016983654,5.080495632157037,0.42635138525181593,3.9761174714467655,3.9737257900297296,0.0
1.272564181436416,5.256542819532343,1.5100365888968579,2.5522004570726216,4.4930558767000495,1.8575023528260002,0.0
-0.9668270654919735,6.889705116414366,1.3122809672480984,1.1369198741058066,5.219340956860484,3.7765482230225245,0.0
-0.17788466966610805,3.4633559611305977,0.2992968310162868,6.01205148645284,-0.5080027616640426,0.6369568272349033,0.0
0.23292232211588437,2.126920585619222,2.3644518949483313,1.6965045386946778,-0.7207012996497473,2.801747832320804,0.0
-0.13815696293621338,6.715807920537596,1.1298155489350217,3.3080818028191774,-2.032455639391172,-0.545572744023479,0.0
0.005778025939787712,-4.738907205522406,0.6189917188483576,0.19347448357856467,-1.5720913944855788,-0.15220961977203906,0.0
0.4025248231424128,-0.07611038083562116,3.304080733811118,-4.314226094714816,-1.8841664673079928,1.6621535357658832,0.0
-0.08215772148801248,8.764828779657797,0.8797875256187174,0.03474266619991828,1.0791776571557865,5.387386472371399,0.0
1.469391010352003,5.44502055547322,0.8628460191786909,3.880142158533609,-2.8935342288191266,-1.5543619833319164,0.0
2.6718935722627197,0.11841567324081315,2.834031878864698,-4.870298043103751,2.084671042121389,1.5844618678844111,0.0
1.2644468124778567,-1.463083603730961,1.9259139629935038,0.9277449598242534,-1.2996742809068587,2.5238100353407593,0.0
1.0412476704103673,-1.942678149256063,-0.43546146298084065,8.097866877942192,-0.770545400434242,-0.6373392092093673,0.0
1.7415793643278032,-0.5206348809309855,1.50299815888655,2.0249580963220892,4.342730307843315,0.7577416411252408,0.0
1.007705772690027,-1.4688305599136635,1.806856234987713,4.264421854430589,1.7370774944276617,2.230867466782645,0.0
0.7156325450495724,1.156130777054276,1.9522143418868618,-0.05207937317621858,0.25480265233344823,-4.759176085677608,0.0
1.123633242357998,-1.9197476198978927,3.0680259309575373,2.997214549219149,1.6146130498218705,0.7407431940442499,0.0
1.5663592133928288,2.4115177915320256,2.9102378970746727,1.1871158209684949,2.3059236459837393,4.930596646805316,0.0
-0.11032661431467483,-0.5433754815512557,2.5010515874458292,3.238721713287629,1.1709574944487526,6.583397607031245,0.0
2.449448057593352,1.4407181306755947,2.9644961572854065,1.0534269377988625,-2.7750099314907297,0.9717174963966531,0.0
1.5231214818288987,3.3867370672577812,1.2134546493739695,5.812133198844828,0.6051983103866019,-0.18815399586380877,0.0
0.37397591828589316,-0.8018648876893053,0.7016730844605017,-1.9997440242636895,-5.323155901516372,0.4342541280326193,0.0
1.8136472279554074,1.5029080674908257,0.8789014771711341,-0.996800645616505,1.312896551627598,3.322025679228944,0.0
1.9496381486334942,0.8821410392347335,-0.5308978099319068,6.160841417400399,0.6822700095856679,3.690436786082426,0.0
0.4805759758660857,3.4171040167429876,0.16496881057857304,-0.6873855215107563,-6.045088829971406,-1.5255082690968513,0.0
1.7347741848807992,-0.3559726429629442,-0.14450615818850343,2.960343976650882,0.8283654515545509,1.9373772184662479,0.0
1.7274414361626902,6.176671314619727,0.060530307841671904,-2.107660275651138,5.440633152389481,0.1413507309720463,0.0
0.5660931460191347,0.5671447110452832,-0.8287799445232944,6.15035498268032,-0.3479489944054588,0.9683033044508287,0.0
0.3264434047316741,-0.01412189743322867,3.654320396029674,3.7632677508438213,1.6415730111448874,1.6038762105089779,0.0
0.26945387144416433,5.374336426848687,1.5658142917678253,-0.38008574107354653,1.9918711634515198,-0.5225424979248494,0.0
0.5039085631489246,4.956945697898428,3.1183964933567387,-0.4186027870849016,4.041487111008408,2.96769024581027,0.0
2.3831482980210543,3.41799694483809,1.443943330848367,-2.6122372941151975,-2.9927715948458387,-1.271324374078914,0.0
0.36788733043068833,4.359637311989996,0.40544261946680227,-0.5868265017163683,5.001639052091838,4.169933187663963,0.0
0.5166196882449752,0.8005083700626373,1.809396734608434,1.2840228223514565,2.360436708132119,-1.418235672423013,0.0
0.39798684994215183,-0.05821268254128209,-1.259328578546255,-0.45885754534386525,-3.864048915701227,1.962114485183775,0.0
0.29428117607902804,0.5823149501359739,0.35831602121298345,-0.39812177889350786,1.1922514151853356,0.6945190511085262,0.0
2.7251731827852383,-1.9625675764603971,-0.01761726142661768,6.102098264563714,5.658419992110156,1.944474418867618,0.0
1.7246726946726123,-1.9790016704228686,-1.3895023849606485,-1.5425211362061084,2.77188525927382,1.4106966209977565,0.0
0.8238747504432783,6.946317090372189,2.7864840168005083,0.7478161277583577,5.589536296530561,1.923591363253875,0.0
0.34272946423569206,-5.383645581853141,1.9733979396694972,0.7274650020121602,0.9947515696953494,-0.4729837460173383,0.0
-0.367279860332403,-0.32238672497238685,2.6519586227284484,3.766765550567514,-1.9885443861999619,1.9952930151671422,0.0
1.8311492065417108,0.7831367192300122,1.1439865321464702,-3.101632709510593,5.11582979082928,-4.064787819792826,0.0
7.412308121993812,5.135007440607489,5.564602643118905,4.6450024006023405,3.8968461350486057,5.884707115466523,1.0
2.6258431607817867,2.6875701140477686,1.8574865682837869,7.472718951733935,3.3739667319582205,4.872388636166836,1.0
9.156649446528874,5.222334739177126,4.212216864182977,4.578202419584968,4.186693448678277,9.281709394881418,1.0
6.712144914088446,4.582465614828446,6.425519231518675,4.938085681661929,6.236582626073191,11.293171402273565,1.0
3.8574048358131976,5.046400228826752,7.986758816361823,4.213254140732805,3.902891412119411,1.663622615299757,1.0
6.4416821630270364,4.818581051568723,1.550909940008807,5.630946229974937,5.71745017472611,7.172528381714203,1.0
2.922476763108273,5.124226514552331,2.0100741912852373,4.243918670731134,4.329288649333322,3.5804360278488017,1.0
4.807701988640497,3.0261484949513466,6.877934067990896,3.6351592461849465,6.445788466036394,8.310398413533246,1.0
0.837670680415548,4.9921115190193905,9.783015143559087,3.465382599972113,4.710143353896392,5.028010815993808,1.0
6.219591424657589,0.36663414539263695,7.771601192992938,6.385642402706161,5.517640141304231,8.260731367799645,1.0
5.194165303942701,4.084322646975891,3.6724558636381825,3.5493778264127034,6.551111092394473,8.715351708430262,1.0
5.731690402304564,6.679339993393357,6.70884765125361,3.421898925868268,5.448909603340706,7.039552617679821,1.0
0.7045903890757854,4.410136643852423,8.710705116137579,2.964007862328528,4.500053990372687,3.821137033806038,1.0
6.965645740494302,4.97248299176523,2.356093754705086,6.927395463427665,6.580522784553366,7.519636455201769,1.0
9.552452109309062,5.588483440753054,6.871127876541779,6.058250214837426,5.97313480159518,4.264582047787424,1.0
4.620482060435839,3.770958720629923,10.006685870437682,4.678173062332128,5.014673183524081,4.32238645227613,1.0
2.6337643922211456,3.901125431247424,4.598542850232724,5.970999768956238,2.504186788305397,10.366026491430272,1.0
6.487009342437366,4.350149708838661,8.720761445889746,4.168317198172118,3.858043422194059,10.941798242962449,1.0
4.461747800399056,6.935139454315118,6.766968127817884,5.103545999084224,4.850698666431903,6.385609034192074,1.0
6.376621628407404,4.805532878430283,5.390639546179623,3.0902006065409777,3.477760401998708,3.765666208342452,1.0
8.277051888509163,5.1861124468998785,5.085513828615799,2.283761012915231,4.931746128676345,4.476555239192445,1.0
7.284500455438613,5.885334583307371,7.9394277920925855,5.620711859462666,5.162131215915284,10.690344584593582,1.0
4.85271442145629,6.109655763687621,4.446437089452618,4.754158988674135,4.888515895881108,1.7799789444306517,1.0
4.360896922596023,7.638998008655367,9.647752306372709,6.281061475800291,6.747404988916009,8.36218258482148,1.0
6.975752573847657,4.520166749414468,6.67445016869098,5.446901328019714,3.58051290131783,6.450113365507844,1.0
5.18208602549505,6.029608421080728,6.28203880551116,8.853436746306947,5.402904326781453,3.7491892723470635,1.0
5.991532569119518,5.702548377851058,5.161091244048804,7.886756718460074,5.25249768874411,1.554262655290672,1.0
4.622563035581528,5.9439291630101145,4.250994593949372,5.222126828413786,4.26673650252126,9.370142165802704,1.0
10.883198976006812,3.390678626941395,9.495310124411388,6.401325038571461,4.930791007811835,3.7440762055424104,1.0
7.08026713034241,4.012101000654611,12.37799611871785,5.302701506270067,7.068443075248822,5.171435524064953,1.0
-3.41797591941026,3.961899025306284,6.9745484101472,5.350787162538061,4.2736885039460555,1.7602173107414343,1.0
2.83255481504783,4.744051855585104,5.891845133256604,5.6324970562653585,4.1915765243584096,9.816789824033295,1.0
8.004854441083708,4.521768884071787,1.697157213790812,5.661438019630801,5.5166458233633895,4.0741935538649505,1.0
4.672842495872576,2.6146885112486737,5.3688228410972485,4.553802712820475,4.668468903166587,4.630369197981402,1.0
3.316314440930631,3.8153722086129673,6.739447856195053,2.6351387072908876,6.069054461422427,6.202486079878512,1.0
1.9369404754038433,4.269161134675883,0.6321763521078081,3.782753194713715,4.948090211792634,6.739197213248468,1.0
9.173029087875388,7.623038290085313,4.890156106041335,2.153078568520699,5.16815848779565,1.806397980129903,1.0
1.9976592470688952,4.106720704866374,11.274498304459598,4.907141393120107,4.868303592961953,5.483671072059952,1.0
6.20215457563119,5.707567987568446,3.905807761420676,5.6820639752068205,5.371236583412601,4.40129887719931,1.0
3.902880963628595,3.340151375103097,6.096339152076338,4.427294716524915,5.944999093341324,-1.6189623621066227,1.0
4.837020566045491,5.422239264319851,6.872800241281002,1.3163712817904671,5.387301538486287,12.69601732128248,1.0
4.569599717453425,5.54002836546902,5.952857088232652,7.0141865933222505,6.288234502458581,5.841179410691611,1.0
-0.8267092490454715,6.397287006092201,8.810318752680045,4.945904164950695,4.5011525890088535,5.4922039140246826,1.0
3.5076760015186856,3.6567264539630324,5.661666527788483,5.105469363811259,5.398218611847396,6.369711153087327,1.0
1.7203059326148469,7.059804191759083,8.373301642721465,5.4674116668917545,5.181576306821161,7.387401117266506,1.0
5.5479873466718885,5.654572049769344,3.846673505506387,7.351318403496581,5.5570197211000165,-0.08341699442371109,1.0
12.422823736535786,4.504476349086161,-0.052017521184700044,5.773220634588573,5.176500248706282,6.901964049685622,1.0
4.854556528750523,4.079148141848063,9.347774928757444,4.792643100260363,6.49967507851156,3.266233294094598,1.0
7.80386058125911,3.2171059811150733,8.955493085829263,3.934534640279449,4.757896233781629,7.903922011248611,1.0
3.372623302202788,3.1368246896878897,6.39847106334793,2.3426838167984774,5.842840791482505,6.066848713489414,1.0
6.106533294651039,5.325246537560332,7.352376950092975,3.693979053771406,4.587126325838862,8.41181891373008,1.0
7.147301120932671,7.30482019179021,8.467491709584086,5.231105139338874,4.925415957638127,3.611346970256257,1.0
7.574939288993486,2.989607364623113,5.765848220764269,9.317244157606966,6.821356206539904,1.5153282425374797,1.0
2.3768349977399286,6.298631542081045,4.2212083664255315,3.553197540586735,5.0661596411910095,7.99867698379843,1.0
5.396528730024645,7.014557883323812,6.333849848933856,5.208774572232875,3.5247331271888473,2.3958643723593864,1.0
4.2277079005752025,5.132800259231699,4.492219461700738,2.364052360540439,5.034994172478579,4.747805021025654,1.0
1.3043100489871597,5.589159723374769,4.5954526952441155,4.365403998962092,3.263012975011454,4.284150565275398,1.0
5.560176443439674,2.4575605298909484,-0.6673617732546271,4.284418350006704,6.269319084745848,4.80644353720826,1.0
6.26350318042771,3.077125718316888,2.2848834194948062,6.34113346618543,3.929114223754209,-0.13518989433340334,1.0
2.367231978506656,4.671185120702055,3.275086514314311,4.580574949508797,5.628302547318485,5.791867190925135,1.0
6.824113775057093,5.01030484618748,7.803927776182434,3.232112501240409,4.833346828706348,7.6365491786166,1.0
9.273347358129724,4.205051536805184,6.00412389351007,5.605049241516255,6.052925865267843,6.161401962861208,1.0
5.586836963479329,3.2238737397204646,4.602444699309362,2.366345296878698,5.435998726675814,0.6913832535543945,1.0
5.532526788502908,4.5308664424212886,-0.13022836335125643,5.756543623389973,4.657103335327703,1.4704490979514193,1.0
7.32818125560658,6.978339551102449,4.440375031772001,6.411183032965962,6.196329017797778,6.885922220791951,1.0
2.664458490509702,3.4801916915871223,4.44080754801959,2.1000423913243726,5.418125326929255,2.225104651002998,1.0
5.9220849515749965,4.438314482734313,7.100404884846776,2.852627770334848,5.344309117160441,11.061706297969176,1.0
0.8573933599136296,5.767705712358329,9.440942985578465,5.2003634483199885,4.140232162612296,3.051081182829182,1.0
5.671726159305534,5.670004181282386,1.8814332393103141,5.797289398548272,4.983724477728155,1.7040243242808542,1.0
1.125633085410735,3.4627387061013963,1.3003872826073835,2.97370755656009,4.529694046133094,5.862286968829353,1.0
4.9209920360822546,4.944585871970115,8.564002288049789,0.9032494003013483,3.78068632563287,5.227402780918054,1.0
8.116244321136804,3.1666502158948937,6.544752557138139,4.498367570270259,5.050536420438826,3.711604269743253,1.0
4.718744460938543,4.457618231133838,9.437655627396635,5.292348250353174,4.8301393315108285,8.044180092727892,1.0
5.3790328956932685,6.145354829270217,4.296234420551408,3.097860535221939,6.613097153067209,5.6734164216907175,1.0
5.253765810878224,4.164454531155583,5.781938690515771,5.3347901276716,5.324049236443324,3.0092464192462245,1.0
10.549895253293514,3.965846609024311,9.670788326127386,6.33652675626504,5.423346408738958,5.4558565197754225,1.0
4.222750212556157,6.8744490131221365,4.9320317971685945,4.883147062145797,3.9938092955560798,9.37638969157936,1.0
8.422602967213361,5.935310638554565,10.118276113626177,3.091099821691031,4.7857449449558995,7.040274246334339,1.0
6.042821207694969,3.075327910172772,7.316203384482781,3.7095396440743693,4.813367885679531,2.591504594421997,1.0
4.903569899713883,5.007874297510984,8.304305657768866,4.75259545457497,6.006879858694008,8.327892206042693,1.0
3.717738324749018,4.164600513718113,0.6580485415585517,4.533089102231567,4.026221709439648,9.261396696071493,1.0
8.527864952644492,4.154444666985939,3.433624394920814,6.460534484645525,5.162583184212655,3.687215137954597,1.0
2.72483351036722,5.5882843931955914,11.087513079132815,5.314012116716114,3.1301665798380807,-3.6447189578873385,1.0
5.270152737882159,4.264923753273685,3.6823529259224346,4.817426327820022,5.8869657651617,15.322758183627315,1.0
1.1119803915134137,4.297132345141375,9.661806083730525,5.232670582339199,4.073243715556745,2.847908198610525,1.0
4.53513437698819,4.951471033910155,1.6740043820851471,6.865397158563684,4.749400928932336,7.052780066048889,1.0
2.771877560056851,4.865904327012648,-0.5042270980259849,6.829913125788783,4.14596752130762,1.811113857092729,1.0
1.3960915788606272,4.652241536687064,2.6407834200719975,6.869349200272287,6.067168628151721,6.7847115713427035,1.0
7.823676489402288,2.830010552027044,6.0156977804357,7.234203317918768,4.482050769271766,3.593982497542944,1.0
7.3140714230547665,6.881414332339736,-0.9951826580369767,7.1350043776341385,3.9412665145617582,11.021386898468878,1.0
5.099661440232575,4.000693090876238,4.148843887065379,5.18981060332193,4.997702152725941,10.983258194023097,1.0
10.226650159943691,7.76939157890134,11.424523466805717,4.308943863910881,6.011561864567658,0.3300214700753976,1.0
0.8786532313279007,2.7855884970554623,6.6008194838721455,5.564863140151747,4.157807408159065,3.6464848585503677,1.0
11.421224608646641,7.1586614514908895,9.079456756822806,5.62701053977705,4.231973263603357,3.0601262768418094,1.0
5.833227518344649,5.534442707106336,4.256926330809413,4.166193749997337,6.022490695172181,9.973763764937775,1.0
0.7343648536314289,3.930353858473212,3.3998225686017802,7.058152712481262,5.192767570125153,4.392962264315674,1.0
3.22595402205755,5.781479597568906,8.625841082407998,4.465777562759455,3.91996291627885,2.9799917556703295,1.0
4.3331421685683,3.6367429072909987,7.289017896946746,3.485645402928644,5.104899557094054,2.584681980558321,1.0
6.595694374174954,2.4574175349668654,2.4650825945813284,3.499401852598008,5.374277269898593,5.786238309660288,1.0
6.696807867770255,4.4488215641597275,8.194307858024594,5.705901420955599,5.766109253417552,5.57547972450333,1.0
4.364368432523708,3.4666621767370094,4.3145880764336,8.150028128247996,4.0967213426544635,0.6959675362777125,1.0
5.612387063472082,4.782440775192655,4.055539756043635,7.622667454500808,5.212748445002774,8.117268304198635,1.0
0.2480432554081773,6.354270215442601,2.154593108846654,4.162055189228266,3.5323425978495977,10.250757036564645,1.0
8.697524955473973,5.244157189026391,3.4643449436209606,5.163845650228309,3.708514441160225,1.3729351141275354,1.0
1.302730122181107,7.168339333936597,8.896320640470163,6.64981390664665,4.035613596731841,9.496500948448071,1.0
4.118314792820525,6.236960163867181,8.638208556181674,1.8915832266618904,4.829511227370077,11.119365602857904,1.0
0.12343834422593147,6.727472489067543,3.981558259999697,3.9599871220994123,5.075167196080403,1.5676384782487656,1.0
10.218221865453351,6.231088641139351,4.7804390393813785,4.484859219637961,5.8774175701191576,5.393035430744113,1.0
4.379690198494252,6.297975213959743,3.8434433272584263,6.055509479746144,3.155844933443344,9.883316566395937,1.0
1.0228623956174752,3.0844401631372396,9.410652707130904,2.891160646764373,5.117960386065712,2.8383405526095022,1.0
3.6881737679970947,6.463158948871788,9.552725300330057,5.39915682613014,3.785341877850594,10.255588639599324,1.0
6.466204913596617,4.152901607990285,5.75083466834096,3.972351532119629,6.019854907469089,4.580749694958574,1.0
6.314249194040853,4.56666431255624,6.379345282964085,4.876749311333726,3.6316754836290737,3.0552085709303665,1.0
6.540918447110265,1.5927419991565888,4.199777095606681,3.549660308945534,4.926064726661789,7.781518490210759,1.0
2.975226969905443,3.2707639246090254,13.242375655823599,4.054646728829168,4.658056778289557,1.874494032309793,1.0
5.159923510344704,4.581386668790669,8.92800461776666,5.499828541502263,6.583666010805079,5.227829743332531,1.0
3.7300736512599926,4.592453006101029,-0.29196663230346775,4.630076812664367,5.995299970925097,2.0564688615914375,1.0
11.382097232847412,4.55338069553511,2.6295730896472396,6.151330003415413,6.788727282594305,7.504232893124942,1.0
3.504274243388645,5.9274487493805035,4.484587251617361,4.779601802610401,4.3410969449599826,2.38801168275777,1.0
4.093766392817683,1.5580653744884714,7.515050394747183,3.6878966195124963,5.053173839443249,4.425753839728774,1.0
4.796628772079701,6.367064994735349,3.673865659056877,4.467777283109671,5.420975070602755,5.9617906808199574,1.0
0.6861130675952438,6.294994029472646,9.413383270672803,5.103657830810622,5.188423975964368,-0.2652467640292615,1.0
3.2746719438323337,5.366695320078217,12.902287983032164,3.234240988651125,4.601679302880003,7.2973741326858885,1.0
7.45968354177742,5.320432582286122,8.91009471716937,4.1198938562927685,5.770936035173123,5.826840898989714,1.0
3.377911536601193,7.7873947654936035,1.1274327390781345,6.166121823051513,5.360974494906187,8.71575439882675,1.0
2.7964172569736934,3.6561074998978365,3.279283700531871,5.169588049635685,5.1532492864554165,5.163416189965737,1.0
7.464097592151367,4.020043343126911,4.148342399614381,2.88717844400658,5.571414030196586,12.142850379499535,1.0
5.785023385304958,2.7654434232840504,5.2615820008634175,3.567591687698066,3.5189583762465526,1.109464129365385,1.0
6.955084680104086,6.1644428930562,2.021757613852127,4.804823230541917,4.953786357424891,4.085680619476857,1.0
5.6938933111310455,6.4071259874716056,3.3887981910724365,3.3883292833883747,4.676511618200497,3.753467396282017,1.0
7.057042295364047,3.9122659471913046,5.421008255261955,4.266208746278694,5.393128929100494,5.988273261156266,1.0
6.502248157274118,4.236773689932805,-0.3614127890999237,8.947825163028366,5.587561717488756,7.331612758297057,1.0
8.31207220219428,3.8258653318290223,-1.203751159535635,5.157537926545535,6.550761377654014,5.021207168488225,1.0
1.032155921048906,4.795516156352855,-1.9326942868211567,6.843252830254304,6.860991711373671,5.000318548368742,1.0
8.651428784449337,4.653188725708977,4.064789272177822,5.690436788481725,3.2723057828204105,3.5502027835737757,1.0
0.09100974255868444,5.080403955501885,-1.2790967308167298,5.458407431533178,5.1858514644155305,1.5727209502393,1.0
10.80423168911782,4.711344464043868,1.454399476399102,3.1083288631481745,5.559030069950816,4.4398184813721775,1.0
3.1699021649745545,3.4163830366409975,6.129096699464263,5.49816186636919,5.206275252229439,4.236892398959107,1.0
6.273996955059117,5.7023948893438146,4.005515151993784,1.6015657137357038,5.164106393341387,6.40864851215996,1.0
6.7133692838942185,4.37613251083896,5.88409570872777,5.733600949037771,5.8239390819876675,2.2324087199941007,1.0
5.683418746304829,6.9443653204140166,5.196930710678426,2.467031924632228,4.474478669575336,4.0514886903252005,1.0
10.785234649259985,4.241226232853254,6.801539267578007,5.6463802550960915,6.646972580138323,7.200343434036734,1.0
4.1208785523021705,5.255796415390766,2.6041089133060447,2.2492412755306828,7.3749050186400735,8.268059209929433,1.0
5.702146335383905,7.1923150776924984,4.148633498037966,4.874308632615974,2.85328405368007,5.013979600809822,1.0
6.6682636222382,5.11980276409693,2.5152441701764188,4.1464747279089895,3.3124522237430423,4.331448685924676,1.0
3.3598207248380527,3.4781994174371467,3.1610434195149066,3.9367542922198018,4.736858389486435,9.433346084468713,1.0
3.8532315505514845,8.024428038517527,0.6123827562804438,6.552748321091843,5.761381277406949,1.8807519119268785,1.0
5.154247970354703,2.5062249957021363,3.622741960218529,5.686160735303153,2.8345959330661135,9.063582566691569,1.0
5.198724926433272,4.7118984498389045,7.461434188915841,6.588790675119604,4.807028131370009,7.380719782023732,1.0
3.2540369025025866,5.869276504592384,5.279975325188802,4.3494604960140615,3.509494590145227,9.117536221075206,1.0
7.4820328897241355,3.9018901149055574,9.01946079367562,6.461713874597231,3.4227094849110804,7.568842025422417,1.0
3.2173767737236942,6.266155547386619,0.7603782669843921,3.2585237454737292,5.416623406610024,5.976296015455805,1.0
2.102155493997721,3.4703257465290918,6.628447936512727,6.8719964593341905,5.111762435596168,5.102787687865651,1.0
7.554029512809004,5.076090112191671,8.930279440240346,5.958456915558854,5.521944344527199,11.73807679272185,1.0
-0.2557749731374974,6.96004304901403,9.431466451430353,6.073461231766695,5.207615626480699,5.73317297907931,1.0
1.6751263130707672,5.098002818639119,1.7335726659642643,5.016288586344237,6.988949817292954,7.038284407565653,1.0
6.548027875981528,6.016637430840259,-0.29273137580175934,4.83534215123084,4.589391659848837,7.684712497276674,1.0
2.8790812598216435,4.243799628578584,2.8141096078740055,3.063044746608687,6.560575981025771,2.324324759583932,1.0
7.276774992118294,2.9753429740995174,1.692490265315067,5.818128772919972,5.378924373712736,9.005895185110793,1.0
9.981970425889356,5.04977667827474,9.481823609614533,6.515806706424904,4.0924640241167545,4.337444272351279,1.0
8.78634980592774,4.95244930641871,1.0886930862229027,7.085085339214883,6.029304066200293,6.549673538606921,1.0
9.313695268065251,5.11254154434168,9.68892398743195,7.289499440074887,4.77984875919353,10.124142569293028,1.0
-4.018247644203081,4.373306773328977,-0.9544215679737924,5.770987981673259,4.099022796861514,0.3035942824634059,1.0
3.530709594417611,5.61250520412977,4.4010148231710575,4.689776327549367,5.961772916993005,3.805529530425895,1.0
5.080077242938828,4.652929894136857,9.435326075172437,3.7022066308325607,3.0963473913581883,3.7304020388001624,1.0
5.462998356360819,5.706085844190154,7.553441454824726,4.428141421128461,5.824147535615384,3.0662316415652926,1.0
4.9381143462478345,3.592617167746892,11.767602504774805,3.014444085081098,4.771708162883552,1.346486551346473,1.0
3.193688598484282,4.50892206953422,3.5392089694000015,5.571646693812099,6.070967327914432,6.0508261413339985,1.0
3.868071072675865,6.239568406837242,5.8259719861031485,5.144186867640764,4.86185226266762,3.0973415704240113,1.0
3.697136629955913,3.114569931599221,3.752308586242366,3.1819889183295587,5.142487203600973,5.04950036471619,1.0
13.31182688481218,6.10299906209,8.864233315339611,5.550760542506547,4.588635107333543,4.838341060281386,1.0
5.82062317925743,3.74254637607211,4.5677400034849365,4.823098182123004,5.306452085812461,3.980016324917525,1.0
8.211646044742771,6.48424084014436,2.2485287664520195,3.585578047928058,5.357370083498152,2.6776210327279033,1.0
2.2949861176660766,4.4555804964158305,6.988684706709234,3.9157585297905606,4.719278871209015,6.896866161541828,1.0
5.773484846406024,4.109754403234042,6.188862143729358,5.6965048041599236,6.090364521209443,6.411508767132573,1.0
1.203313763833088,4.785784416185161,7.752688150507283,6.472463749443387,5.455478590994513,1.5791709054827208,1.0
7.218223460304214,5.964941811827949,-0.27141896198038307,6.109001599269402,5.217850746138449,6.243061080754988,1.0
4.003034522350298,5.909999823833192,6.56076989651438,5.4129904482799756,3.8127320027242018,12.358560878455886,1.0
6.536034887914688,8.182272002125085,4.747348761853267,6.128892608854296,5.793467441133986,8.590592112378491,1.0
6.904764729470435,3.736060132668097,1.9909158601683785,2.7992561753195595,5.805916027144567,8.850609444278627,1.0
8.081729200785553,5.805233984265357,7.258343506939432,4.167593464108672,4.698774135943054,2.7878591708450053,1.0
6.385566516961059,5.484561275837219,6.718481668316962,7.74825534484211,4.505118129303292,3.2315881008771186,1.0
7.541079577885398,6.41104209845737,10.897756191810462,4.215388249538223,4.789406279596724,3.0388189784560646,1.0
5.385972568345462,5.867035572234912,3.269440614351968,4.327836897372752,5.455543929073082,6.842323379632452,1.0
3.0674206602967713,5.409810597321933,-0.9297670251158392,5.805326585267818,5.506476334591226,3.476669900642145,1.0
2.2853165462476834,4.781114057532949,4.421565946576028,5.86414262956827,5.390659784777319,5.9270943225937405,1.0
5.440501047671469,5.063352355478136,7.214539273874117,8.266317015708937,3.4418540441739287,0.4886946223194091,1.0
-0.023818850339246467,2.2792406005512618,2.538727573363194,4.475372710860604,4.5028037058344275,3.7090251813759636,1.0
-3.7283044452898686,5.652775989848324,6.114685418850244,5.721036396738864,3.2530997108530366,2.1375317805568503,1.0
11.091385151190321,2.341925687748844,4.564054808728771,4.786256371284024,5.08570862241694,4.334873005599071,1.0
1.7170544906929521,6.479421637297401,11.379845448647137,4.695617258934173,6.014752527012857,7.59465331643521,1.0
6.405287147302203,7.0528242303918365,6.832651370997541,6.678489282440599,2.631149435702886,3.6539736745801528,1.0
8.629253541409863,6.597716135887521,3.6281763479823113,3.382647676911685,4.509263920308201,-1.4384715991222992,1.0
2.1026174375901663,3.154372870420268,1.5155831059314666,5.776926200836111,5.0659688631564075,6.3305147699175865,1.0
9.130865065787905,5.943377150972404,5.688210513280405,6.278855143761323,5.875071634956036,2.876480108653949,1.0
6.344252825177026,5.7993407835486,3.5631383035878743,6.9146213823001546,4.4788958447321345,-0.12747917675756426,1.0
6.960084157556407,4.631033519052486,8.07309582328794,5.919718184928005,6.33540983765204,3.2030016119027813,1.0
9.00723740987705,7.373412116259938,7.286135046228656,4.662881955857875,4.348202950733645,5.658066066635117,1.0
7.533993140517589,2.865270826496157,0.1469695446233139,5.849610189153726,4.7261299651878765,6.075512144642802,1.0
3.131759278817494,4.732777089533597,2.760847767891434,3.935134168416277,5.223410330897161,4.981470007218068,1.0
