2.2941986308046336,0.8014696757101667,1
1.4302588425692586,-0.032016906500432096,1
1.5951728855991538,0.13210813593358506,1
1.4013313791071715,0.46114900348569865,1
0.5350566494415666,0.5834391077718023,0
1.6076307117360404,0.3862944285967129,1
1.6487233854710703,0.46350530108777677,1
2.3270790969282427,0.8061041643705475,1
1.5464585907165849,-0.3542168747371357,1
0.8588667381128301,-0.4596414902033179,0
1.460104210725571,-0.15677752436019388,1
0.5551912531768544,-0.6106759116867946,0
1.72473059791146,0.43030543501439134,1
1.9640068311279553,-0.6689913450652696,1
1.8909740519132898,-0.7823169514818331,1
1.7628018777049905,-0.40025104660114064,1
1.0639310065836254,0.2147611957834384,0
1.6924613512519562,-0.5842086416438974,1
1.3813139652118545,0.016143398043466428,1
0.9626834151793211,0.4072079895908213,0
2.006339525728128,0.7902728629583529,1
1.013873929390254,-0.2585707256817028,0
0.7296315500950711,0.34589926893740763,0
2.2212135294031135,0.7843266419458543,1
0.8875372226397085,-0.1369888239585626,0
1.0360395216710037,-0.24213915395753022,0
0.6767943567460457,-0.5198005974701844,0
2.223782489257614,-0.8753500554830818,1
1.721302250598141,-0.5265115461075205,1
2.1257920809475164,-0.793272992572605,1
0.9219136769392141,0.43226108810329716,0
0.7957123516032046,-0.47768832625124186,0
1.6084914887919386,0.5794409111749161,1
0.08355653983499046,0.7329405796419137,0
0.4932995423395617,0.5270201724391178,0
1.2122526724581495,-0.3366344620330697,0
1.4311134582308462,0.4036950031772162,1
1.9044907785427192,0.4351738947167335,1
1.8156320631020495,-0.5873120243847296,1
0.24899226104039401,-0.7068261135591982,0
1.0690224973176519,0.35848831205873266,0
0.5782735559785072,-0.5912346227699646,0
1.0016854120258252,0.3924331476158217,0
2.245649896156362,-0.9915081580094234,1
0.938491614754742,0.3654296438192296,0
0.9267696734578819,0.06517055481236124,0
1.6630945286897616,-0.7258020424103047,1
1.8189335130605482,0.5775412279921186,1
0.28697946569067456,0.5524855503079951,0
1.4718625050558116,-0.3731611512763693,1
1.9085196847644292,0.7669933162200322,1
1.5324377096919646,-0.47726810880603576,1
0.9816587715741304,-0.008105714862754432,0
1.693939236409844,0.5237825163589189,1
0.1959642942936211,-0.6378151537014718,0
0.17129879108361012,-0.6523053409086612,0
1.694048007044613,0.49068299452416086,1
0.07784484245013398,-0.6802621929412046,0
1.051373690841806,-0.10021402925116953,0
1.4623995415852082,-0.4179372405435491,1
0.8467423932151484,0.031597097057419525,0
0.06752551249702356,-0.8316222462114735,0
1.9645839849406364,0.9230812245406821,1
0.9880387818086698,-0.13447221518914054,0
1.715548349451957,0.5142093938244114,1
1.4675886112746692,0.3691398226428082,1
1.3652821199340177,0.44011526527735545,1
1.6001771041464814,-0.38325336188794723,1
0.3493099343352708,-0.7029830151013886,0
2.0855746178053716,0.722501144035112,1
0.5510098121338203,-0.4611040107437875,0
0.024731163606050214,0.7394120445572769,0
1.7078908511854136,0.543672411264577,1
1.3285099327909946,0.08855671784448826,1
0.8703746935981534,0.1830027955984037,0
0.9945129173195866,0.2226626671724008,0
1.4318478829486416,0.4113695173737152,1
0.14934003394759593,-0.6542840143613231,0
1.9950078936181337,0.7640608046902868,1
0.8535573239130125,0.4783021490614743,0
1.2715851745318347,0.29784499166363543,1
0.26236446631593097,-0.7405411811509358,0
0.7701529696548269,0.03518409268892921,0
0.3549266834729136,-0.4869995707354894,0
0.9053436471325381,0.32083414855014425,0
2.1869857785039613,0.738256347322123,1
2.410929993171141,-0.9655041355056273,1
1.3330580441683866,0.28392944744296045,1
1.3603245078407242,0.10681130212260581,1
0.938494947735456,0.38175130855926354,0
0.7435367490300293,0.2901955017158826,0
0.3503123835056899,0.7515996120529593,0
2.368984806270259,0.5783698733134586,1
1.0314291948020258,-0.09664378068709863,0
1.458399741781955,-0.21809432561106212,1
0.14934365658563453,0.634005182815738,0
1.3740197626233177,-0.05636071408188359,1
0.5842194585136,-0.4569755394949554,0
0.3064718927923737,-0.5199650540247122,0
1.3753797542253046,-0.34735283425780206,1
1.1968015080979562,0.15195168315099283,1
0.7722244543311177,0.38827871992293844,0
1.9815878821208173,-0.6818986588921869,1
0.8472447910150462,-0.019845557740093143,0
1.532888994640498,0.4105694739665038,1
1.6613047880029883,0.5353886354341959,1
2.0407913943592915,0.7279813176674039,1
2.0673370784851364,-0.7364423244708251,1
0.8664976477337524,-0.43838820564427805,0
1.8163363140637203,-0.4638793145243376,1
2.2278893413948406,0.6845288045851057,1
1.5481153542160768,-0.33762316913835755,1
2.3763867248988566,-0.5698314142157426,1
1.4137446831356397,-0.27461012926182327,1
0.5273283918634376,-0.713425948330559,0
0.47128510293979775,0.5806766605891985,0
1.0223931725915478,-0.2794117448517287,0
2.2814676847204436,-0.6958983769668841,1
2.1317840377666717,0.8798324572205263,1
0.9743954020679847,0.19466293002301222,0
1.704831435274812,-0.5762149942414492,1
0.44117430302545746,0.530516300179464,0
1.4649388261655012,0.27432376831204774,1
1.0479191509783623,0.20657351330510154,0
1.1246976552846917,0.025632483440301834,0
2.0005307682259046,0.7079044456265129,1
1.6579405325737553,0.5752925353388543,1
0.43781523913061626,0.7578225034631303,0
1.6396686618057836,-0.5108825687332257,1
1.458667913663961,-0.1776610077359162,1
1.770998619492848,0.4906272133000261,1
1.471531100842741,-0.45857328271157916,1
0.7467812479804573,0.14841549407416982,0
2.3562057506268745,-0.8416656733223022,1
1.9925752384714517,0.9015610037435942,1
0.4187552264521304,-0.603382892590536,0
0.6051690941218085,-0.44789740546029677,0
0.871412543168956,-0.1148888696545125,0
0.03600578738978049,-0.5442712177249187,0
0.5061933040373918,-0.5419507884390053,0
0.19092639991414628,-0.6953039955189853,0
0.9334864461827708,-0.24671106784548466,0
1.528165211811643,0.06175810833625395,1
0.9877958522511504,0.3540156036091698,0
1.6711990350425008,-0.48370970680310266,1
1.7777505895823067,-0.6657343978987988,1
1.404856034734339,-0.32215410687222357,1
0.8820435325027538,0.0027200733485666984,0
1.557227507258835,-0.27034943519073873,1
0.8627274326692533,0.40073697758106586,0
1.4961270652348668,0.44189907852547416,1
0.9323972447213147,-0.5304646698990974,0
2.2284051254878596,-0.6564122099717125,1
0.484956686178247,0.6907049179552793,0
2.1012668319063748,-0.7384183123947472,1
0.2413162859414315,0.8080467156949662,0
0.8049204936086418,0.29075380700375486,0
1.3090605964715434,0.23613267966401674,1
0.36799907993990855,-0.5954072251607814,0
1.5815199664469624,-0.5686287880922132,1
1.6999053485078837,0.9244885027912662,1
1.3903767539730243,-0.23051613769391643,1
1.430399634745566,0.4589574257202562,1
1.5861291351205073,0.5001958144188394,1
1.633491608302807,-0.43875459100144343,1
1.520944379394573,0.397585806016143,1
1.0252439426018982,0.26006064474754526,0
1.507412117468609,0.32150934828616806,1
1.0718461461413828,0.2941568805887979,0
0.9763886864442064,0.4366701439952385,0
0.6802098073750596,0.4327624758988238,0
0.17507862665476467,0.8110371391605706,0
0.6785317963853589,-0.5614548820270862,0
2.287425289014955,-0.7254474494576422,1
-0.06718555104710844,0.6648772895105176,0
0.7643702602174494,0.4028289650640815,0
0.8645738629847048,-0.047003220838521154,0
1.019574964683939,-0.08973914686327983,0
1.3639909998788533,-0.3512008179894279,1
1.4571698184363857,0.3869565492263072,1
-0.11267573908777481,0.6286063864229221,0
1.5135153385701368,0.46232219819578235,1
0.6542924213932163,0.48787984575530685,0
2.204503748827327,0.7729283750105442,1
1.621870456644748,-0.38467508207260925,1
0.7722654972252575,-0.3525113625186189,0
0.7348268932785874,0.32972268614756195,0
0.5435397996723687,0.4278561579328384,0
2.1068004909441784,-0.7595104212970818,1
1.3093556669270678,0.17324723842548528,1
2.016630032835186,-0.5759067368314774,1
1.5713949936580562,-0.2947404146569288,1
1.6493662254024635,0.44305769937893236,1
0.8351865695485532,-0.29036608703291217,0
1.037039665321762,-0.2163197200408454,0
0.7080981727323811,0.7130499747597159,0
0.8474596449709588,0.40657188424762625,0
0.8991493741462746,-0.1872250453417424,0
1.6741476427132755,0.5000130678451118,1
0.43727265673028387,-0.7268787787877163,0
0.17867237311164666,-0.7839291522914202,0
2.108421045449911,0.6988535947486976,1
1.480544354919933,0.2656551529617166,1
2.059545023626913,0.6403051579815602,1
1.5269820594335315,-0.4236260323793053,1
1.8308764449814126,0.44792611083069556,1
0.8568211052896302,-0.4041802850185172,0
1.7861195219447739,-0.6602628404070534,1
-0.00642934112351393,0.8855100419798714,0
1.456566358617148,-0.37794280596437724,1
0.4543690009711262,-0.5082888075011445,0
0.8752001334362915,-0.3177336023898657,0
1.8982452149651947,-0.6157333599533406,1
1.397875448785467,-0.4514885220919389,1
1.4722373708632541,0.3132401565650025,1
0.7618612183903137,0.3885333180346338,0
1.5393000640671188,0.47545449382709093,1
0.9428945734393488,-0.0007301855217968903,0
1.7623068582041093,-0.5605623322177713,1
1.3816782087979793,0.01810961019932089,1
1.1177354455460553,0.2898599164795983,0
1.358523617427755,0.1850616031215906,1
2.1908618053176503,-0.7116876886612258,1
0.2304354783920955,-0.6848909948721341,0
1.6397730043623193,-0.5665528398708348,1
0.07492220166391708,-0.8488090011657161,0
2.032016783646722,0.7612225824700483,1
0.7265642194805463,0.31379384986415193,0
1.8227202455914118,-0.7576056323287452,1
2.193432021073747,0.6850987965061142,1
0.937077009514495,0.3684144301992752,0
2.4135408613812968,-0.7609579174551153,1
0.24480940462950573,0.7633810189863075,0
2.1134189685052838,0.600443030804799,1
0.22672415177827152,-0.691543117872614,0
0.1410025866141859,-0.6278572682725887,0
1.1061572596513245,-0.17807736825166712,0
2.1156246223756963,-1.0209261468165538,1
1.0105204408562212,-0.26083068520200225,0
0.9214019401877961,0.364599053926814,0
0.04004570469057771,-0.6995960680546374,0
0.9481774055064495,-0.39166080226715405,0
2.34928905949913,0.6528301986699845,1
1.3080082248525466,-0.12018780835686482,1
1.137572688603515,0.2544379981768342,0
0.8117154765511131,-0.5130949489738958,0
0.3635971653912641,0.8204143324277899,0
0.4839365954546981,-0.7148297324505928,0
0.37915585998413415,-0.6666762458516873,0
1.0514145246671331,0.09009840078374932,0
0.42506452180976717,-0.6598370968411517,0
2.270506078975622,-0.7811119030672651,1
1.3757203482620535,-0.08107874668413317,1
1.842288958989284,-0.523670949731069,1
0.6174004711729889,0.7779959150789,0
0.926755230737955,0.31195806747510557,0
2.22198082884423,0.7054260778507653,1
1.7263323862952007,-0.6972788874843747,1
1.8131829783685562,-0.7455519533021653,1
0.004234088668605463,-0.5939147157845791,0
1.382192573327246,0.3257244657348751,1
0.3357941636371536,0.7531023153087739,0
0.43423353834835726,-0.634144761403168,0
1.0466757320650408,0.18753233725773627,0
0.9018334606554702,0.2915905666018641,0
1.6066718120881647,-0.5501938828282522,1
1.5261306091725957,-0.3368879662866999,1
0.7190239397600787,0.5125665309796928,0
1.5605292616664128,0.46143103226568305,1
0.6076735166002158,0.4816703800863319,0
-0.04686380949355831,0.761486736069596,0
0.7212668910957609,-0.46750945319667436,0
1.7672260734335645,-0.5030908186998908,1
1.0452485345854396,-0.0107863761305168,0
2.314289270757972,0.7528923548865325,1
0.3504069616764322,-0.5383032526474294,0
0.984148045810236,-0.24337790858744107,0
1.81046309805486,0.6408586023917565,1
0.42306917263088645,-0.6504219618325752,0
1.3557627919286328,-0.3166571136121914,1
1.7375311577734696,0.5489858836267315,1
1.5947237480297671,-0.2915231677055985,1
1.028577892171733,-0.16235407398006874,0
0.9744184555822857,0.29711713447761373,0
1.0156905572819408,-0.2597775269860349,0
1.4377010531946919,0.31085405212348693,1
0.9347482924049682,0.495024035631635,0
0.3392785290216481,0.7780246098612043,0
0.964745694916547,-0.24169596716856645,0
2.189894967963888,-0.7368521934938685,1
2.0580364160890667,-0.7512850140452052,1
1.2991749360508273,-0.12011124154440656,1
2.4006992952639026,0.6452881688973191,1
0.28211300421194097,0.6536739031098973,0
0.7333452349930671,0.2715488964506665,0
0.09106497705589955,0.7189648970806745,0
1.7935108112455977,-0.542113898089482,1
0.5875185627479487,0.7402642269699471,0
0.013702575227309034,-0.5937563486274086,0
0.7680786150356814,-0.4311535704276526,0
2.024718502870298,0.6999004533410359,1
0.5163655159410214,0.5728352338001872,0
0.03852475525695747,0.9691875196219637,0
0.578620837613568,0.6288656960467531,0
1.3640608165082906,-0.1330439722592911,1
1.8871047177197349,-0.5851873551143216,1
0.6793907688652451,0.36271356634037616,0
1.9620855805274608,0.4048343427123918,1
2.0096479720319325,-0.7354265798024489,1
1.9797895460012827,0.6876150811606521,1
1.847449003124095,0.5988258649789692,1
2.067212824801247,0.7355850506820594,1
1.7634322361053545,0.7098223081992581,1
1.3238392676991466,0.1672991132173336,1
0.3552798016009545,0.8901039907640451,0
0.3628827203623084,0.5569047855560303,0
0.8321717505423903,-0.0746138800393851,0
0.7829866819494808,0.364878635718771,0
1.4142508081223546,0.23186619759293292,1
0.994487854755242,-0.4185671247011296,0
0.383389847749187,-0.6448897661946903,0
0.7951654014988416,-0.4861516559054899,0
0.9522398637530858,0.38243908883935146,0
1.6424954778846994,0.39529533640870607,1
1.4033474216555049,-0.2928855410999458,1
2.352353543427918,0.7776808034092639,1
0.7055297455176325,0.25003221575110723,0
0.05793639342664931,0.6311761342764751,0
1.4543698849176285,0.26755325031933974,1
0.672780745675609,-0.49415898143720594,0
1.3365023461758971,0.20829961921188467,1
0.8431542336151957,0.19563087485771594,0
1.2867485027100578,0.14832245536229727,1
1.5004463971064868,0.46566627528050264,1
-0.07349104144777988,-0.8024362747252911,0
0.9589845783380104,0.4419556823203627,0
1.549607222624276,0.14799721116769793,1
2.0851728215200453,0.8602344439526064,1
1.46441688357968,-0.5929690135515007,1
2.149686843244937,0.6983361543537016,1
0.060834254723207276,0.6989690363920674,0
0.37176168475986276,0.7199695027366018,0
0.9937134958528411,-0.31643040530784117,0
0.6548040165282433,-0.48626149406009556,0
0.6702857382487306,0.7016485788998963,0
0.4059827901565156,0.7389200737784741,0
2.0086828136258075,0.7555443686573409,1
1.7850818653786928,-0.4969422428585839,1
0.6069205832340091,-0.5315383331560011,0
1.9920273802079302,-0.7826043963643721,1
1.1202250671587843,-0.4642790511055283,0
0.8647807604781037,0.2708959472328897,0
1.93568476004067,-0.6126934103189454,1
0.5935573920679924,-0.6310692481797194,0
0.8979727540536308,0.24866886650351727,0
0.7973172853757234,-0.3296737154339475,0
0.9580101166985998,0.4041032716567384,0
0.42415369462528846,0.4822308909688683,0
0.764788117915628,0.33182069482339877,0
0.6466930293883912,-0.31304200269468896,0
0.5384373773823719,0.6303965679572126,0
1.9900688514517457,0.6183022445887258,1
0.7737683981502731,-0.3351179028199245,0
0.3397908454974829,0.7555391239452682,0
0.9168267483244712,-0.31304123755764957,0
0.08639555936355758,-0.6274431327727565,0
1.3370366884517546,-0.07698281632725434,1
1.0082078905361689,-0.3569759524579302,0
0.4832213942540334,0.6004044759536123,0
1.4379456281756053,-0.5670261417036988,1
0.8774240194767503,-0.31902311767027003,0
1.3888343127730254,0.25138083940622846,1
0.8180329354691268,-0.3475805376074571,0
1.0028727416119474,-0.4193629216620595,0
0.09772508953292036,-0.8061307229466259,0
1.3267658221121132,0.07903951207490312,1
0.09652487298634664,0.8600640886847346,0
0.5748890730151419,-0.542576090395971,0
1.8355889236959047,-0.6021364690428472,1
1.4486119609832881,-0.36670273304500833,1
0.9673661324713263,-0.31882595973410066,0
0.8442420386250632,-0.29642208393799585,0
1.39197960763615,-0.011817323050515416,1
0.8960110792854293,-0.06025844599488225,0
0.9882013958455936,-0.23543529115347442,0
1.8249174884700428,-0.4574553528051266,1
2.3793269314133503,1.0388271205192725,1
0.6593063693503706,-0.45243600816015284,0
2.165118460928193,-0.802406409960934,1
1.4035914758321424,-0.056983918953258605,1
0.9124115703970468,-0.32614228757036184,0
0.2141767941792831,-0.6605049298336035,0
1.3355152808033541,0.36721370658669206,1
0.5659565532840979,-0.5578529636374687,0
1.7510095743355583,0.5988433648312798,1
0.43654828896339926,-0.5350607446310242,0
0.7867265313997205,0.5299834976909806,0
0.3303103603548351,0.7906953445636002,0
1.4500515218959629,-0.03435003423028804,1
2.2203045935839576,-0.6992099380215533,1
0.1188593472078906,-0.859387232675465,0
0.2763246170922659,0.6419101527865818,0
2.0894930273265975,0.7229963935633025,1
2.1545482767541935,0.770171373592585,1
1.5939281201598674,0.4001988692978492,1
1.2985639206766009,0.3314642313250815,1
1.9033238788281672,-0.5468230587273812,1
1.0548075287309524,0.47480744944630693,0
0.3115870837504185,-0.5795876791645356,0
2.2196532923399213,0.6322072832273259,1
2.2049432635075252,0.9752004763855417,1
1.6452499965082303,-0.5413601074871937,1
1.3903098303795018,-0.22550855910065537,1
0.8837538371142729,-0.023070622742267538,0
1.398274502555751,-0.25237519010621745,1
1.472897593732852,0.25496213358881925,1
1.5603947242511442,0.2712320382504032,1
1.5618335635363234,-0.2740151048129269,1
2.253757937291138,0.8076350498063931,1
0.32783220349318365,0.8160169746298496,0
0.28529444252488395,-0.7524503760692758,0
1.382500544813554,0.23839874511188686,1
0.055080128891162955,0.7212346358598656,0
2.0647264474015063,0.7400001114375525,1
0.2708750936813817,0.7629977685182272,0
0.8544160429361392,0.35607952838658885,0
0.4554856590298413,-0.5714086092432026,0
0.3038861841878446,-0.7054120000253458,0
1.6743935526956504,0.4739013911002913,1
1.1210995878948025,0.08046859976240281,0
0.9248814037396246,0.3469028983693814,0
0.6750538345339483,0.36279217796714824,0
0.9137354340571524,0.29729464369353,0
0.2712829396700478,0.7719148236984796,0
1.1638728014690285,0.032906530766505696,0
0.1348203913451764,-0.8217276322055078,0
0.9469741291853746,-0.32691518528242786,0
0.7133389110309404,0.3730608702202177,0
1.5454423709181397,-0.4270312664593461,1
1.4928142946982557,0.6729256605126883,1
1.0008847116574087,-0.22400943235983006,0
1.878923389835859,0.6973897095608317,1
2.151978831370007,-0.7544260253833195,1
1.6202466400730997,0.45490673823279015,1
2.097054665228516,0.6797228325458954,1
1.775009914476085,0.5359182759561671,1
1.5931318012435587,0.29806931523866353,1
0.9682777998671657,-0.28526115069762115,0
1.5384922842368751,0.36113221809892515,1
1.466788698861166,0.4305941752031206,1
1.831448314252856,0.6196338912216464,1
1.6951414908289233,-0.5327891517156162,1
0.4697149106544283,0.5324151868673584,0
0.9277038787751445,-0.31750725154197246,0
1.1074987152348341,-0.23948453346790066,0
1.6107791161669454,0.6046699560244857,1
1.7546871263167685,-0.6844456192974693,1
1.565725534139641,0.45252552933339396,1
0.7515690706659237,0.5226755454551288,0
0.5187905131258796,0.6287542813316228,0
0.3565445701471384,-0.7262686955024891,0
0.6106309009051349,-0.6362319366053212,0
1.631369600543208,0.5395596373713953,1
2.257686518240785,-0.7935021909689883,1
0.5226102166034889,0.575098296439443,0
0.754450588209981,-0.570991926715529,0
0.5470369412505609,-0.3583224598828809,0
0.4115911674648785,0.6650935021231559,0
1.9838425666792043,0.8193575944965743,1
0.29522405757757025,0.6563378643082011,0
0.6825028527457117,0.7636050831870047,0
0.47227363662056737,-0.7550037539722165,0
1.8718262116547888,-0.7737739634712923,1
0.4478845863060475,-0.615194538504553,0
0.825740794124377,0.29663775778738294,0
2.2120080597959433,-0.760247833771134,1
2.0670912250483946,-0.8179600629830932,1
2.0419771339846533,-0.8279989423484913,1
1.8188338175980139,0.6018229442467272,1
1.9286186520614281,0.5841361564666813,1
1.6417501181681993,0.40400440068315335,1
0.6260617695243458,-0.6747187764842433,0
0.1492918654206204,-0.47024664519744297,0
0.5153594724629033,0.590191390235192,0
2.1302064982676,0.8128213399842112,1
0.1308775434281263,-0.7615849844844134,0
0.3190278139099139,-0.7342283426700342,0
0.7696668793450934,0.29369620281786957,0
0.8942826590837395,-0.46139951944588026,0
-0.01783116711872438,0.6351797944156535,0
1.4569903725525164,-0.584718470561199,1
1.8114312623662638,0.694587159664657,1
1.2333901580096645,0.1001713211157449,1
0.6659473633509848,-0.5054985538508996,0
0.4606120576725099,0.8358301661623295,0
0.880888176928584,-0.28839523124986843,0
0.3795665605099527,0.727528978286891,0
0.6381409859189042,0.6357606802754102,0
1.6190640759986898,-0.3267945369805667,1
1.64037700376463,-0.5113215437759464,1
1.428119761462724,0.46085569389862546,1
0.9754365052045266,-0.28077648339723804,0
0.4991832878758844,0.5077157720242381,0
1.7665389603187747,-0.639942982456688,1
1.3994180675345431,-0.30580394552517887,1
2.0176788138943818,-0.6223698190447353,1
1.4117165029709735,0.365282638069117,1
0.5748176743642999,0.5789957027280893,0
2.239386733824477,-0.6831959416771234,1
1.348642637249911,0.04316427829799219,1
0.8857827827830562,0.03703635354691761,0
2.0103720511725545,0.8978017102661189,1
0.867320258117606,0.4879598951557765,0
0.10397133621414946,-0.8157848292126464,0
0.8316035107513426,0.4629809759080679,0
1.259513524074282,-0.14194924404287868,1
1.0417552853379919,-0.06123024980328488,0
1.144583220640207,-0.29610591142648585,0
2.2842284511524804,-0.7529301154869841,1
0.10653817283170025,-0.6595812353777075,0
0.7293274297056245,0.4140537165807313,0
1.4400681947923497,0.4385201567257009,1
1.852752528908996,-0.49748026194751227,1
0.8572578031952814,0.31899067377402246,0
0.5963051663425506,0.6218026323998369,0
1.95150237301809,0.7071584531593781,1
1.4792274038716542,-0.3751822813141128,1
1.1584537676051507,-0.24375175912106492,0
1.516474530387495,0.2563666970974702,1
0.5599992209015238,-0.5123558662192899,0
1.9986071801529333,0.5443457598599368,1
0.40926650409292636,-0.5950267743175831,0
1.7154887172200275,0.5320910927086027,1
0.9254601337090781,0.2864038301293324,0
1.4449874939325755,-0.42666148413787774,1
0.4073982698531412,0.8120420755067894,0
0.8721949320473257,-0.2848040798119478,0
0.451639884448089,-0.672324586980387,0
1.2839406425312176,0.12856383345506983,1
0.41564712502164547,0.6865100081565544,0
0.9254338941056186,-0.2802435053876339,0
1.0413953314235693,0.03110736098809492,0
0.9395760368289878,-0.2158379853745354,0
0.09554265442138432,0.9302243519389539,0
0.8086197864979915,-0.5270099877825268,0
2.0583695982637638,-0.8073051807401681,1
2.2553403801535206,0.670608485682424,1
1.4726308978710096,-0.3357214529161705,1
1.8735516095952982,0.49206665030485264,1
0.6698739918455526,-0.5349009430671534,0
0.7154432421484433,-0.46841287586053426,0
0.11138847111615569,0.7912833865645488,0
1.4886914959651896,0.31845908839954196,1
0.23488746298267407,-0.6663451932308337,0
1.6149925630845396,-0.331712783402657,1
1.853370952058608,-0.6228595738190283,1
0.7306692426743907,0.3812234101055909,0
0.9887221336144879,0.08970310898284513,0
0.42880860456630565,-0.8232298901079325,0
0.7846005259340215,0.45515731589043695,0
0.9150181819076427,-0.3396991562407493,0
2.3723955278089734,-0.9292922591330872,1
1.5478464777015284,-0.4267148525936353,1
1.384029022142921,0.05779324185484491,1
1.0314687873879023,-0.09589692014045516,0
0.1497771214064725,0.7188567596568695,0
1.588592253488864,0.46856594857549894,1
0.7177046632571247,0.34554361904229725,0
0.9378822684559297,0.344563272615071,0
2.059742698179729,-0.7830769970110385,1
0.7653478851309228,-0.2848164284590693,0
0.5007926842292199,-0.39416634876975565,0
1.501993080577505,-0.30413786013362776,1
0.4340009903126621,-0.5490168832230424,0
0.9176198900558078,0.36677194575556216,0
1.9256234788241857,-0.6528036400357664,1
0.700576736653254,-0.41354193229858915,0
0.06942679772165533,0.613911556797469,0
0.6412299319237197,0.5984829147271603,0
1.7195342725844416,0.5069124832090434,1
1.0043587208797276,0.2918350251734558,0
0.13191939040468678,-0.5492425520406338,0
1.2876705916662683,-0.46876736957764154,1
1.4490774761691465,-0.32458611043952157,1
1.5004835830253211,-0.23882371329312901,1
0.6124023704707057,0.5596247431261743,0
2.1341708555595202,0.8196223084052601,1
1.436653093458854,0.6484213096823921,1
0.34702363603000386,-0.7356013045346244,0
0.8856601318494406,-0.4773197281876557,0
0.9053421650346808,-0.009573794063756674,0
1.5118287607212164,-0.4521577058992321,1
1.5569423235694861,0.2898829614037235,1
1.3820992375983534,-0.04792470945570404,1
1.521699546966345,-0.47006038127429717,1
0.7859833677363777,-0.38160903078937514,0
0.9076824479457569,0.19995302623619815,0
1.760252501597331,0.6418687939091335,1
1.8994992478029955,0.8456391095757034,1
1.428760614117697,0.20154882925396111,1
0.020428866149989133,-0.8492890064272611,0
0.8069655939128753,-0.48985094946049834,0
0.9190706699890893,0.35051186245581295,0
0.9344674220119269,-0.038810614067059455,0
1.4681223218769057,0.29168367929803507,1
2.1350330281565117,-0.6524417331098682,1
1.0470054004470248,-0.40065214612380995,0
0.7265904074657833,-0.5256682377374479,0
1.951652743232713,0.4296392423374228,1
1.6622980880147167,0.7164663122211828,1
0.8705884402470094,-0.32113303285168726,0
0.9708964664945782,0.23000106409235438,0
1.2404826350525409,-0.27029446780926225,1
1.5526985475178363,0.11172441936620103,1
1.4421722452234038,0.2675070627899039,1
1.4343388912362214,0.4915587616495618,1
1.9841415316114193,-0.7164243140343167,1
2.2575099284685534,0.7018545208451799,1
2.3168180187467162,-0.8934520696381161,1
0.29023942096074046,-0.9392238420207526,0
1.7947810581782035,-0.5831671580064093,1
0.6143922458057598,-0.25603705476052563,0
1.3405347091765574,-0.3243907228986569,1
0.7563336568581696,-0.2695471307373398,0
0.033621140996752785,-0.655497515122228,0
2.2814886240362298,0.7680964352701125,1
0.2398656328917554,-0.813132798340773,0
2.4477165537801424,-0.7825171802185533,1
1.968983317250772,-0.7195367905781564,1
2.2362704987397297,0.8234593374903696,1
2.085263841751976,-0.6179176135890336,1
-0.09688722864902793,0.7324996695445566,0
1.0854557513751766,0.21120417964776697,0
1.3043107669150504,0.23693075506371086,1
1.469441792113639,-0.3314725290073124,1
0.9699797376481947,-0.23677054825308375,0
0.3160925525674027,-0.8138348033140157,0
2.0162275851032514,-0.8022602181039109,1
0.31902387908301655,0.660293673951333,0
2.0866628739977515,-0.6338559937732995,1
0.5303189608724965,0.4932652151946545,0
0.9609947559564671,-0.03989062488944076,0
0.1817490110904818,-0.875130919611939,0
2.120743705104243,-0.7783696801536788,1
0.8239284900434491,0.3333524447734584,0
0.014354003946844803,0.6145988874671957,0
2.22578908299915,-0.7504469084836858,1
1.6072408815410186,-0.37949876235791047,1
1.3162708309128284,0.27672109162213965,1
1.4468296425705023,-0.37501729489720104,1
0.8910078188944511,-0.36015978170983276,0
1.6319922107383893,-0.4155243647999203,1
1.7274983162338478,-0.4955818277511017,1
2.415673943794157,0.7027237893033716,1
2.0877002939052085,-0.916238111475387,1
1.3662440142928243,-0.39100567482834303,1
2.0162295893499476,0.6554191041442041,1
2.204936784902114,-0.7838217297342278,1
0.7827452957313645,-0.3415068601729571,0
1.9250401015445977,-0.40675823338142636,1
0.8953998533447705,-0.4845738909302858,0
1.5503067352432847,-0.21990277327857166,1
2.190788393719963,-0.7239611313184895,1
1.3075837832368502,0.06182057197207902,1
0.627188902859029,-0.5205524580681601,0
1.1104068776801501,-0.006144745329270828,0
1.352650982631163,0.39264877147126587,1
0.4856230990694172,-0.6580420475694481,0
0.5988189842204206,0.7947175216169053,0
0.43642655268013,0.4366821683943105,0
1.235338483144604,0.0014491175601049067,1
1.7870616486521498,0.6064198255035497,1
1.4093053297505995,-0.1806304851769216,1
1.4305102838722377,0.3286065577647156,1
0.6455525926547372,-0.30185754260828035,0
0.3504168893844764,-0.6855013081641788,0
0.9041928536308449,-0.35510188599602366,0
0.4196363087255081,0.7268129395067806,0
1.8126432240974977,-0.7456598129466967,1
0.8463867770959542,-0.2827192076212638,0
1.5364318262081276,0.38744556930410845,1
1.6410839306471598,-0.28332741635031033,1
1.2657540642303442,0.027724196674683066,1
-0.03615899950987052,-0.6225864069411594,0
1.4642073223808751,-0.36026358690330085,1
0.04224008227190824,-0.820567280181236,0
0.18078584779732104,0.7237259465963033,0
1.769615779455545,0.3516729411085129,1
1.0897037314995057,-0.007152740346874741,0
1.0565448677923042,0.1344221577750878,0
1.2226595569583254,0.0668248838218255,1
1.8609670403791472,0.6547623040220475,1
1.6748191039291092,0.6173064620240112,1
1.5329749188976656,0.08336470009270003,1
1.749262736937452,-0.4914316853177747,1
1.0842219154302217,0.1451645454514336,0
1.5942502456532106,0.5320914061674991,1
0.9946692684449435,0.29595911342927217,0
0.6145520323249521,0.5846693774767517,0
0.7258514611427525,-0.4414505504483648,0
1.3067053884139268,-0.3039996611483502,1
1.336389768082043,0.3620176008691489,1
1.6845375533827514,-0.7912242837797745,1
2.0066945203876205,0.5814661516206886,1
1.8462798676208378,-0.5489035420982158,1
0.048752703489151686,0.6310223295679493,0
0.8992657257774802,-0.3379263928436509,0
0.8143349226789243,-0.5897940660443707,0
1.3430560049569653,-0.011046839931839747,1
2.04496089114153,-0.7549468744673677,1
1.2774763754432081,0.10705357145393313,1
1.4548180544380758,0.42489763090463273,1
0.7454046283772496,0.42057922322724295,0
0.31037419742454986,0.7779864454870231,0
0.9607070483428705,0.4061286467204735,0
0.8617619149971889,-0.431355366889819,0
0.8175187784603681,-0.5345646189529211,0
1.5998589354235648,-0.4149199472277716,1
1.7424323059379552,0.604313442858524,1
0.7811081426644282,-0.28935387194762585,0
1.9314742498915891,-0.5528431686537061,1
0.891027057205225,-0.3054379943252316,0
1.7028905868340394,0.5129554221702111,1
1.0436632982366885,0.1816404454013089,0
0.9407880524411423,0.3167825504963954,0
0.5840115145020296,0.41646505004425405,0
0.7030102736562397,-0.4513215588564592,0
0.8426735656681703,-0.39040848087461116,0
0.8792738446734429,-0.19480894754478434,0
0.31168092639032197,0.5898657287375877,0
1.069830862897971,-0.006540975669499318,0
0.5678728148478251,0.6412293736514392,0
1.9273294250770059,-0.5082672081174691,1
1.3570714664207781,-0.10531934598402315,1
1.9176890545302452,-0.41814000679031915,1
1.524916560200182,-0.4272003384392651,1
1.8022403969919119,-0.51232566813077,1
0.5967350600305182,-0.6566847211314308,0
1.609424021895326,0.46541593741545384,1
0.6516514328627346,0.6797876721077474,0
1.429441168647729,-0.29983772117856766,1
1.4952880069717738,-0.1523635895497979,1
1.3606907458679438,0.2067245708784542,1
1.9236238082817863,-0.5330887936548665,1
0.9788121224498268,-0.007509212729778471,0
1.4796258767344668,0.34767023721220647,1
1.847001214773751,-0.5507712533481846,1
1.2468369396038574,-0.11124843024901332,1
1.5251597987535332,-0.26241231799981835,1
1.7896099414702327,-0.5985234133573609,1
1.5974202292735973,0.3875692462343572,1
1.5754091108049757,-0.5587351126943743,1
1.4466813499122455,-0.05009806488615576,1
0.7285174292215542,0.5300597763425022,0
2.3790006541751856,-0.729032378875639,1
2.1605586967969703,0.5915172783823364,1
0.9122963525185591,0.05772896177383198,0
1.4510473151986694,-0.442878121482152,1
0.46294258783720493,0.7896071038250616,0
-0.009582095914719932,0.7294913453171422,0
0.6621082523657796,-0.4677182574416776,0
1.4045627378154786,0.3192402007355275,1
0.9956258227529117,0.17329862717898764,0
1.598966556614947,-0.2892047330041889,1
1.5845089093634446,0.6720074467967047,1
1.4376511158003331,0.35083161408391006,1
0.7609019654330871,0.4911864251334086,0
2.447299027256354,-0.7065266540222293,1
1.5513452037542845,-0.2726939497911012,1
1.1548346125723108,-0.20078772128363406,0
1.3330759971854496,-0.14744338356706765,1
1.536173333886869,0.31894207513518225,1
0.7741827347836239,0.304771245184073,0
1.4711794274916763,0.4416102102070508,1
0.5166385120489616,0.577853589669257,0
1.614865935370381,-0.46670498719267295,1
1.3942332386106129,0.426609863379924,1
0.6622433502594678,0.5337260149425467,0
0.7346876120276564,0.07529215287643136,0
1.109610630085353,-0.04327811771530987,1
1.634449900115303,0.454756892346426,1
1.6071973610272727,0.3702998942979563,1
1.0007714310563949,0.001397204922396206,0
0.6269271149128091,0.3594930934377276,0
0.8171543634725208,0.48707700438861223,0
1.006364214778436,-0.1360840538729241,0
1.990202646536281,-0.8064418867287357,1
1.4568800993539457,-0.17885292973473677,1
0.03402394997562053,0.6367202226179391,0
0.8851398193546862,0.2589872519139784,0
2.2248974510407367,0.9768542067450992,1
1.5644216804650917,0.4304930122672601,1
2.194822245615966,-0.6728340806226689,1
1.9069817056151248,-0.8188961661881713,1
1.788024727788792,-0.5104318301855477,1
1.674111316605055,0.4285266014799839,1
1.497590901123072,-0.3458601537435715,1
1.3464101178766361,-0.2642782004444326,1
1.4593092654253024,0.32758192732792146,1
1.6702460936083527,-0.36017834257942916,1
1.9677366830708038,0.65591987148815,1
2.2464586735005447,-0.5854308705433247,1
1.9688470684355452,0.7517816733338869,1
1.367072391289075,-0.34640797811013546,1
0.3263912333712629,-0.5838988358400404,0
1.0608780551718309,-0.08020728239713099,0
1.3865223384487955,0.4274893894673071,1
0.9004835146325755,-0.29322274126026304,0
2.0368437144698284,0.7382259942170459,1
0.24103588952935295,-0.6728267535421557,0
2.0390586447833234,0.6343049483940433,1
0.6878885893839096,-0.44864176863983507,0
1.5170656001891476,0.37204098967647004,1
1.593153211764068,-0.5035592251623418,1
1.6075260359646102,-0.421084642375547,1
1.5657412057051192,-0.330805386239867,1
1.848874272735048,-0.6482683141828338,1
1.3710961681293243,0.17535757515117245,1
0.5672102325363501,-0.5926820613998974,0
1.9055695979209195,0.617495751398912,1
1.0554212000815801,-0.062442333399515146,0
1.2267821852271399,0.05568976416610427,1
1.9838693520315802,0.7395720808985322,1
1.5368737871308789,0.22665189221374527,1
0.1227623419682587,0.6967917511988689,0
2.1787068663166735,0.6954798709331655,1
1.6859289237074042,-0.5774434440653367,1
0.8357929129440681,-0.3333181782144338,0
0.5154221880263765,0.6011181588745607,0
1.4603997133286246,-0.3234685853217094,1
0.5116410052935623,0.5661810143224968,0
1.3067327209209996,-0.10171867879248508,1
1.5700987899737655,-0.2515271614903283,1
0.8225047696031355,-0.12738877905385293,0
-0.1351456009614564,-0.6152714752712174,0
1.371815727920242,-0.14095990512449674,1
1.6291897960812125,0.3662464581495517,1
1.8641966983548708,-0.7736473010570548,1
1.5439078938702564,0.4708814921421952,1
1.228136715267609,-0.06553277847800265,1
2.0046546471821354,0.7793646537190322,1
1.365129987134742,0.30626272121897957,1
1.4174278379383525,0.3851545313554161,1
0.7769182269144691,-0.4116011574833284,0
1.671712551255921,-0.3913497867368432,1
1.455804523554706,0.22169263382939397,1
1.8773602682339936,0.5683062932921843,1
0.5120812093514575,0.44232678646828516,0
1.9902657898077052,0.786009869377275,1
0.15905130974816023,-0.7474424533242381,0
0.09748281313854185,-0.6747023841896351,0
1.4115854690207295,-0.1480363701904981,1
1.5755584150611819,-0.2852388409563851,1
0.9149521068761126,-0.4331839147463377,0
0.84283658910112,-0.36689559303132757,0
0.2432276132751221,-0.8392918684277326,0
1.7112141854840943,-0.387017804112163,1
1.0977264066714654,-0.1334065513127992,0
-0.10374484301210514,0.8053060231683502,0
1.104179462411298,-0.2102053898787919,1
0.5878975225790907,0.5467537112798438,0
0.8958645666944567,0.34301439505937115,0
0.5701960682660328,0.5010276895979194,0
1.5742211233188237,0.48280598224734284,1
0.5089210633847772,0.6338377077180934,0
1.860600131333686,0.5005348565545088,1
-0.107250354099577,0.7960065218206527,0
0.5915554510082044,-0.5417033265428884,0
0.4033588183504981,-0.6149378468827326,0
0.21368019074953648,0.5542860857531721,0
1.4941525602260357,0.3034213600816902,1
0.7319569950676996,-0.49933949226082674,0
2.2849961219205017,-0.5806879167142549,1
2.3047534299835046,0.6450437680678489,1
1.4056306446156883,-0.282124441183504,1
2.1348626044625267,-0.4920726967002602,1
0.49166836410390485,-0.7781103624072043,0
1.4190008168808812,-0.4650176655495857,1
0.18044297774837548,-0.8548645245059963,0
0.8993479587283427,-0.26297966224946134,0
0.30318011743894446,-0.66486186805709,0
-0.07816500708226311,0.878940719839119,0
0.7794037980083176,0.3721127495747688,0
0.9323749673694628,-0.44677153526778407,0
1.3461221363669298,0.15423674736295112,1
0.9243677953552161,-0.25476669579014405,0
1.5283805565578303,-0.18706281910204248,1
0.36704318076873405,-0.6908590615619078,0
1.5596392186385724,-0.5510155170521474,1
0.9840284279027366,0.25411691076801024,0
1.3540382307971388,-0.17247879340676842,1
1.3952818978046286,0.21463768391512927,1
1.5015350682542028,0.13548986163913623,1
0.931263439797917,0.3821953609673938,0
1.2950472701984583,0.41233653674923443,1
1.080941193088033,-0.028213876590708818,0
1.4381342421359433,0.21235075652074809,1
0.4304344751972121,0.6103605961686523,0
0.2095084314714794,0.7049016159495416,0
2.2209344725554723,-0.6495744465134601,1
1.2823182782042584,-0.27576295365162906,1
1.5036706695862059,-0.5222993978533239,1
0.9773179670355011,0.19098011069401083,0
1.0469412167177414,-0.23025694910493216,0
0.7830084513140332,-0.4601260438152015,0
1.9942784870175152,0.7338697392440997,1
1.3429687012792102,0.07459973811291465,1
0.6932419950854907,0.4269001795811763,0
1.4464798378690396,0.41315816662226645,1
0.09481926885212061,0.5875004470250605,0
1.3968136024432247,-0.4056723493552319,1
1.1923019227069962,-0.08423867500920545,1
0.6216985638719511,-0.4065124944068169,0
1.8907650240306613,0.5160694747854955,1
0.8086427005035888,0.5839053568433418,0
-0.1598285810004063,-0.6391544354807216,0
1.903220386521855,-0.5919288968033385,1
2.230371841080469,-0.5695326383468631,1
1.8467330707663547,0.582313012428513,1
0.5222297221079468,-0.6345787752447034,0
0.9795798956174906,-0.2681729759594371,0
0.13115267580770676,-0.7469099973102725,0
1.487634945048709,-0.3097118235430747,1
2.4010226509293577,0.6297407505825535,1
0.530537218172874,0.8065065433500243,0
0.12588282125849082,0.6445753068579254,0
0.7705432584947467,0.4409334945262554,0
0.6145568631769827,-0.7567557064800938,0
1.0149445598345954,0.37058125737933956,0
1.7254819133421722,-0.555176387874049,1
1.79552935900209,0.7026279760920007,1
0.874379565192141,0.32664792255229413,0
1.405930468590025,-0.12752684232058242,1
0.9844756706258845,0.032950542034808704,0
0.10071984262416399,-0.7783065917589858,0
0.872271592413054,0.311331392483173,0
1.711951928407546,0.39052994724423284,1
0.6394549803342617,0.5099484854548529,0
1.118112048981053,-0.009412388745591792,0
0.767649970047869,-0.33256943185856447,0
1.5647679224698945,-0.3253548546785756,1
2.218892115630202,-0.6791685718494067,1
1.524813013539287,0.4359682108951376,1
1.5412699033532582,-0.3295140994585326,1
0.13954949035418646,0.7047564940600077,0
2.2513427845406904,-0.6028121273754192,1
2.3929535045984225,0.6079808810093734,1
1.64996960658505,-0.2563191389876409,1
0.9372072218114955,-0.02240705642696255,0
2.022979835961051,0.649522832614372,1
1.6747267933458638,-0.28865831637522255,1
1.9425346718716057,0.5937459388634576,1
1.4929727350192543,0.2785209091497466,1
0.8532721859450101,-0.33588932335597854,0
1.2691278663207148,-0.28625898635532887,1
1.1965644832963158,0.4741440100061415,1
0.16894914152842389,0.684773899589672,0
1.2642100944088435,0.4659215233035935,1
2.2874931146646595,0.8170574768284429,1
0.3554405584594096,-0.7633853387951228,0
0.11913213245700434,0.7124330135651469,0
1.8793481481722638,0.5045756847128514,1
1.5172532641281604,-0.3014541831639832,1
1.2462378834838748,-0.038531647492806353,1
1.016367151880093,0.0021669332500658892,0
0.16482442475458833,-0.6718370107471902,0
0.8094385169756783,0.48999877565375366,0
0.08320213572944604,0.7084972069458751,0
0.8986890440690791,-0.31964441439648555,0
0.9394344672654781,0.06116818081398687,0
2.1770686383815634,-0.6450692356238696,1
0.7966024210765791,-0.24547888068706397,0
0.6585715780246261,0.43254447406012253,0
1.1964004756186837,-0.448836468275017,1
0.5168010309591464,0.7470364796397451,0
0.1350446318939746,0.7069645204582916,0
0.8481536726026151,0.2877612414407389,0
1.516616977953953,-0.0835193366050504,1
0.9688416988042889,0.47033504803400555,0
1.554726187511154,0.37757253207572594,1
0.8044697566701914,-0.3296511822263901,0
1.6691214004685018,0.256852415451159,1
1.6710705486449635,-0.4143895050062081,1
0.5549138011753972,-0.4840015442744997,0
0.5643300302969888,0.43644470526871326,0
0.5807387916904916,-0.46194508401395473,0
0.1959772565043996,0.7314785147294056,0
0.8044484521795136,0.30908936341239013,0
1.0196312388423052,-0.2328990686336549,0
0.3475526178461866,0.9377060025173596,0
0.45715159735623007,-0.6077724471844103,0
1.7978541257597094,0.39471544679869175,1
-0.004133787289875563,-0.7421276564712885,0
1.3740451928263688,0.20509815202126735,1
0.6541825083951623,-0.706635761451858,0
0.5272200561297096,-0.5606467469562868,0
0.9127383348011056,0.16227851395415038,0
1.5017773246136348,-0.4342591059389458,1
0.2636720797548367,0.7172012986680837,0
0.6166094522977236,-0.5375897110507459,0
