-1.0659601663450442,-1.0615821268449799,0.0
-0.8730093652207489,-0.920407361697718,0.0
0.5808619826555858,-0.9798647410961235,0.0
-0.224584071447967,-1.215342237707367,0.0
-0.677493735119969,-1.1070260144816744,0.0
1.2995996156985004,-1.1094701146683024,0.0
-0.45144249415752147,-0.9147270268099628,0.0
0.5688869518176165,-0.7107343132180656,0.0
0.25595684617237685,-0.9267582646707436,0.0
0.7293516295182192,-1.048661400502009,0.0
0.43260094119229303,-0.9776706982336796,0.0
-0.2748081647715874,-0.7995283879322929,0.0
-0.15192086770387236,-1.037203744032423,0.0
0.7716335025888786,-1.2998399668198042,0.0
1.0233757763807803,-0.6641906840863616,0.0
0.37578299285820826,-0.9326833076980048,0.0
0.7227273338726354,-1.243155693610095,0.0
0.8231599380050141,-0.9353986190801575,0.0
0.2759584915111808,-1.1583305666479857,0.0
0.3542476099315177,-1.2510797608338224,0.0
-0.022554153455112358,-0.9130955279296635,0.0
-0.6901422644977511,-0.8686076406970553,0.0
0.5601958187070495,-0.9660157829116889,0.0
1.3175260611279338,-0.9329767218917813,0.0
0.6232721913416631,-0.9199235178334041,0.0
1.5033254826997111,-1.0134098348161267,0.0
0.018274230541562797,-0.9156368794233689,0.0
0.15836209540139645,-1.2845348940391041,0.0
0.8217017764759993,-1.0728725013228895,0.0
0.5837839113433764,-0.7434050445330677,0.0
0.7517360645078192,-0.9454238858889668,0.0
-0.049926429749762025,-1.1055698500545033,0.0
0.7822619784856015,-1.3722388069628202,0.0
2.3490326522744116,-1.1171241639452123,0.0
1.2110823164338647,-1.036505832819738,0.0
1.7559472775610976,-0.8211080424829088,0.0
0.6787773723864844,-1.0276607557970896,0.0
-0.524210489090037,-1.0335016889664896,0.0
1.616460365298374,-0.8145047130012977,0.0
0.5403063503620538,-1.2374041194976695,0.0
0.7547451014640647,-0.9010857206095783,0.0
0.6223498491141866,-1.000416376675215,0.0
-0.04509567691057326,-0.8376439103086265,0.0
0.25783096634346,-0.8470581907576301,0.0
0.5935702240822694,-0.8143442217303223,0.0
0.1171247905391134,-0.8850962353108194,0.0
-1.3734144823570071,-0.7969148413938314,0.0
-0.12988792587275833,-1.0387845501682134,0.0
0.3733341299061645,-0.8662623681517649,0.0
-1.318898025344718,-1.1124104594135795,0.0
0.5970164089367066,-1.1446190380523493,0.0
1.5686703792063406,-0.6784615902777156,0.0
0.33387079902864425,-1.039255956471426,0.0
1.0430060804030397,-0.8209809699011472,0.0
0.003667806739409085,-0.9487166243553896,0.0
0.7804922055182455,-0.7499973298009504,0.0
0.39273082252930674,-0.811229200461666,0.0
0.7077117238086956,-0.9390809962147503,0.0
0.6033765219016674,-0.6548490416318864,0.0
0.9210064713376391,-0.8855328824516966,0.0
0.6400014419174089,-1.158774623497083,0.0
1.2975037643042888,-0.9854680059837951,0.0
0.4997308954624694,-1.1633135928628384,0.0
0.4444488786973347,-1.2195682987257652,0.0
0.5702261241612486,-0.9239648355198649,0.0
1.3281497478257291,-1.2989025063133093,0.0
0.9289478203161253,-0.8047294252515991,0.0
1.0012149281407074,-1.1380691052657212,0.0
1.2449725514057586,-0.8978725630692258,0.0
-0.14333456562411007,-1.1671476115898614,0.0
0.7403122039165698,-1.0343754692745177,0.0
0.6147703070998625,-0.93781312898099,0.0
-0.2247788368749195,-1.0891906751449394,0.0
0.61162602900848,-0.8967448398886341,0.0
0.32945601599927876,-0.9106786107442697,0.0
1.3802294028152393,-1.1006063652229057,0.0
0.5678250587564728,-1.0609471171274678,0.0
0.5647381469824393,-1.0648206754539866,0.0
0.7564929993980316,-0.979890606562619,0.0
-0.9148244403044732,-1.2388528342631682,0.0
-0.10776050395993653,-0.9954391052816751,0.0
1.3058113674166154,-0.9025588331820878,0.0
0.19791438238852227,-1.3456682899406216,0.0
-0.18183909544716803,-1.1779001636265478,0.0
0.7192279090567106,-1.0004670903856274,0.0
-0.9112583015363334,-1.024237171552357,0.0
1.227466262228813,-0.7500886090039554,0.0
-0.6721185819485775,-1.043990786794316,0.0
0.96725820013422,-0.929716634417634,0.0
0.7233968627523031,-1.1352907190824495,0.0
0.3282807370141606,-1.0847655647694159,0.0
-0.11129952195742077,-0.9141782215754819,0.0
-0.501239387943456,-1.3815299658411837,0.0
0.2330852465893492,-1.1293619998163296,0.0
0.07784608570378909,-1.2450818177478604,0.0
-0.02954515498201915,-1.0602829390991362,0.0
0.4592404390552054,-1.0343497907574994,0.0
-0.11960706025486734,-0.9261881420105649,0.0
1.1340788381654638,-1.2123884743886066,0.0
1.5156777167137034,-0.917809447190539,0.0
0.1106324627313447,-0.8053188252307185,0.0
2.512046760913231,-0.8994946048813092,0.0
-0.5577120597129137,-1.2943119798467426,0.0
1.1896387184208466,-1.2611455122934254,0.0
0.42493233841441086,-1.0418620973816284,0.0
0.5007882452190932,-0.8813144588047737,0.0
0.0124840915845712,-0.806350402909192,0.0
1.013152813545912,-1.0185663025952714,0.0
-0.6287805304625771,-0.7324649959573262,0.0
0.802765298368499,-0.6464397191877185,0.0
0.09703374709678253,-1.0256666723797585,0.0
-0.15042181810725197,-1.4088401278268614,0.0
0.3339561824608057,-0.9577929703861997,0.0
1.18694836233625,-0.612416363350874,0.0
-0.2710192131639422,-0.9277172563114857,0.0
-0.062364262199444354,-0.9561284943461132,0.0
0.352466521762288,-1.1455455638617904,0.0
0.19101520628439356,-0.9833210985215843,0.0
0.4695142094334489,-0.836037566503408,0.0
0.6593059522697329,-1.174402198584897,0.0
0.27462592639619865,-1.0974401575852537,0.0
0.682021937682967,-1.0728553784647554,0.0
-0.48554008541654736,-1.0062357085024718,0.0
0.22773734419361474,-1.0894730807015638,0.0
-0.625725920541617,-0.9227077346738705,0.0
-0.3799490767024377,-0.8880174167295585,0.0
1.2548218688564428,-1.347645077919417,0.0
0.15222675780418438,-1.109777578901638,0.0
-0.4455855196844022,-0.946333215471856,0.0
0.8316796065322147,-0.4120859591039361,0.0
1.1343506319470968,-0.8092432909616591,0.0
0.013663413361289456,-1.090961270348191,0.0
-0.025397931046098332,-1.4932278680569426,0.0
0.16273033820071992,-0.9268312328151982,0.0
1.8412708582252586,-1.0314747677565823,0.0
-0.6166088235631206,-1.1773160764313877,0.0
0.6567863810053972,-0.8618750152209013,0.0
-0.07991018078407586,-0.8652125418394803,0.0
1.1410477932675103,-1.2575992398261893,0.0
0.7529769552882468,-0.9858355328967766,0.0
0.25253895277656563,-0.7269382079680466,0.0
0.9491558329752451,-1.1643155850841544,0.0
0.04740395182776258,-0.902630331588857,0.0
-0.5752825131412862,-0.9182336107626908,0.0
1.819923326074583,-0.8158121971109955,0.0
0.2200544615160887,-0.7503488408119646,0.0
-0.14728754802733068,-0.9845385368511125,0.0
-0.529469119952602,-1.3375520149908553,0.0
0.8798879085463043,-1.1004488876084861,0.0
2.1868196045670727,-1.0374606306710898,0.0
0.9671039198827367,-1.2420555764038375,0.0
0.20215671090946874,-0.9853457375334673,0.0
0.49352925457671,-0.8214509100175343,0.0
-0.3696622225562589,-1.0605587473385234,0.0
0.13384447144531775,-0.8798828452874439,0.0
0.8851674539392429,-1.0365641175373257,0.0
0.4287627778235723,-0.7941995913530504,0.0
-1.2993415003547946,-0.4167995380856536,0.0
0.5612052287652184,-0.6851639052284741,0.0
0.9772794718275252,-0.8358006867466932,0.0
-1.150180565372818,-1.0383231779779911,0.0
2.294795840460651,-1.2584055509557226,0.0
-0.21198050360575638,-1.1699518265111244,0.0
-0.7471239165237604,-1.0006841360906729,0.0
0.1454826427812579,-0.7288987987033411,0.0
0.23537653593721658,-1.027136674550387,0.0
0.748080031864861,-0.830010785095193,0.0
-0.3446789679935457,-0.9972588528001191,0.0
-0.536213683443298,-0.8601981396620654,0.0
0.09279209649360087,-0.9605016448836136,0.0
1.216904727221361,-0.7292950265678639,0.0
0.22559139956963237,-0.9364508682690947,0.0
0.9302783999635882,-0.7628627793431518,0.0
0.9219515314468023,-0.9518546116208794,0.0
0.11094876417977967,-0.9182722678327121,0.0
0.7166985324256321,-1.311032370872985,0.0
1.3678808056191065,-0.8892119761535183,0.0
2.274546020117433,-0.9021619436969079,0.0
0.9980825656851946,-1.3234667389441197,0.0
-0.32409769330344984,-0.7926428242139343,0.0
0.6525903855878679,-0.754535405349636,0.0
1.0518923022966895,-0.973627296769186,0.0
0.2565550016282223,-0.9598770742629387,0.0
0.12454177905106639,-0.8042649537003153,0.0
-0.27399286883042073,-1.2623788440069128,0.0
0.6619268956966669,-0.7849159802984746,0.0
-0.09299097089757091,-1.1363957477567674,0.0
1.2535340944420827,-1.0331633073725761,0.0
0.6434200200172766,-0.7686925673033386,0.0
0.9691048479566866,-1.1834167839397591,0.0
1.2322149006024385,-0.8652802017794189,0.0
1.6817137418073682,-0.8630718572894774,0.0
-0.6944651533072288,-1.055358812406855,0.0
0.6013224571652583,-0.947053239688535,0.0
-0.6858533182126709,-0.8541157043670357,0.0
0.7886834071403925,-1.0537423307822424,0.0
0.37656679387457515,-0.8100612040431665,0.0
0.7809259384541583,-0.9201695461730159,0.0
-0.2945923622243032,-0.9737185403580056,0.0
1.1518964606290338,-1.3318676406877583,0.0
-1.1769256688976093,0.18638165259130562,1.0
-0.9954547439520871,0.0077936580787302525,1.0
-0.8329644858998249,-0.21547758545378395,1.0
-1.0796361220766169,-0.21859958360249834,1.0
-1.0659085102631316,-0.12566850891424616,1.0
-1.106183067113754,0.05369522235139161,1.0
-0.9135344015529431,-0.015685322806787312,1.0
-0.6290375793205394,-0.14929658793248524,1.0
-0.768996042299549,0.05352509819210267,1.0
-1.3738017847381485,0.23435309186058415,1.0
-0.8945810859182103,-0.015279461923351221,1.0
-1.0012714231100468,-0.3916512457039595,1.0
-1.1037506870829663,-0.02408722388785743,1.0
-1.0304280985305998,-0.42784561386390774,1.0
-1.1509070190902664,0.24112067487836297,1.0
-1.3055523636348854,-0.11520659592777704,1.0
-1.081818407538849,-0.20230203546465564,1.0
-1.1351734478004423,-0.14727208780096285,1.0
-0.8760357703185476,0.07554477127995704,1.0
-0.6782522807620688,-0.30180970996817963,1.0
-1.3990615254663878,-0.03804744448608889,1.0
-0.8829370722482428,0.36253972862815315,1.0
-0.8729753029881242,-0.25058460957863593,1.0
-0.8987074418800626,-0.024774057743397162,1.0
-0.5579634321653781,-0.12165312942973282,1.0
-1.2488328842973337,0.11417490484648025,1.0
-1.1006290430884942,-0.03188429544709544,1.0
-0.7574598364354896,-0.30770571870987135,1.0
-1.0606959353944347,0.22253364134014486,1.0
-0.9329427905451263,-0.0035756819477087377,1.0
-1.108601412337171,-0.18704788154268767,1.0
-0.9655384018285453,0.31075998531931254,1.0
-0.9655414460379791,0.31049417974227433,1.0
-1.0599757897140416,0.2885935893701348,1.0
-1.0927530521847488,-0.013698974405946245,1.0
-0.8894848233299373,-0.06813522965758302,1.0
-0.7585024160617593,-0.17891020860746032,1.0
-0.8920507045604972,0.07586737779557819,1.0
-1.1284250293167535,0.1728420284552673,1.0
-0.6632165883806458,0.0040300539273056355,1.0
-0.7778010325733251,0.24807976079522384,1.0
-1.336186553035233,0.22792790710635374,1.0
-1.160171869293712,-0.42413264840759496,1.0
-0.6963480966995983,0.2201081185985827,1.0
-0.7158662653019117,-0.1185312263831606,1.0
-0.902915814828823,-0.025139132644453322,1.0
-1.0976631128605432,-0.059088413802789765,1.0
-0.5880257410625924,-0.4553222668171939,1.0
-0.9835375807376009,-0.025057946788046022,1.0
-0.8874216505116269,0.005637609043517366,1.0
-0.9446367240439099,-0.04389415848804087,1.0
-1.0420994065685707,-0.22827454965280594,1.0
-1.2103462654709425,-0.1555154351798957,1.0
-0.5479281994878473,0.3703046335752608,1.0
-0.442190960611364,0.16451232654975156,1.0
-0.8571378574629469,-0.019343922416340954,1.0
-1.0778149499401484,0.10345145522342084,1.0
-1.1481490927945897,-0.24562034867451726,1.0
-0.8125005854984284,0.07307714309385807,1.0
-0.9352298476727853,-0.05939886053884861,1.0
-0.9066279809182164,-0.08786268415235908,1.0
-0.710028118592297,-0.16455896122421745,1.0
-1.066393386492377,-0.3134569930463575,1.0
-0.9551782858764185,0.14563962917468173,1.0
-0.8116706353174085,0.014104619846810672,1.0
-1.2525622349239613,0.2639331005577269,1.0
-0.784492836274949,-0.01134520377965063,1.0
-0.8650033315884387,-0.27049766678475445,1.0
-0.7687883008346112,-0.08200595590755505,1.0
-0.9972051884611265,0.06060628171635119,1.0
-1.1713829970613623,0.2580809503230938,1.0
-1.039729623524392,0.06917658821922637,1.0
-1.049981229768977,-0.22665639335920884,1.0
-0.8315750125600344,0.13371594540462434,1.0
-0.9581972682764708,0.08409420941681635,1.0
-1.1020243302548192,0.008449325443225221,1.0
-0.45146204002965196,0.1353640897924551,1.0
-1.7404417252070732,-0.503693289137097,1.0
-1.3411897194487152,0.2108104613886354,1.0
-0.7709172825246232,-0.05564192633033051,1.0
-1.3392781135178111,-0.020604363988210517,1.0
-0.8584737231553099,-0.026451421704041234,1.0
-1.0342780855254057,0.3201385138016669,1.0
-0.7770182179247249,-0.20044233515490453,1.0
-1.196335947988774,-0.16332650521397252,1.0
-0.956592398965941,0.07902043223441922,1.0
-1.2282099483037923,-0.04611992877484759,1.0
-1.0321830152832594,0.06383786179943454,1.0
-0.8496292448961991,0.11702518171227431,1.0
-1.1006292953994374,-0.12508027309029854,1.0
-1.0878232132771535,-0.38845096054101197,1.0
-1.2508593179286775,-0.14118454246974507,1.0
-0.9740107852681715,0.04413419571920914,1.0
-1.0858425748804406,0.026265017324780784,1.0
-1.1755111740974133,-0.11291096739213062,1.0
-1.07362679599268,0.07015572761477556,1.0
-0.9684812262479041,-0.2833291455613986,1.0
-0.8699782324634657,-0.027142103451169446,1.0
-0.8226686852789722,-0.14172694637469374,1.0
-0.9684023416546519,0.021234513991910776,1.0
-1.6640648934000986,0.2614562171407411,1.0
-1.0568322499994014,0.12944993996098053,1.0
-1.077971052400997,0.17941381090432615,1.0
-0.8547052618629015,-0.07883882427049682,1.0
-0.7790297688484199,-0.05722951232358163,1.0
-1.2003362914764812,-0.10914812903960495,1.0
-0.8754456242043573,0.010993615960118833,1.0
-1.1190615820267382,-0.33876848062703646,1.0
-1.0848953880894197,0.5041588398453125,1.0
-1.179333431901854,0.13072439920927242,1.0
-1.0391403809245254,0.07799668000213206,1.0
-0.701622933540913,-0.2526331822966641,1.0
-0.7942011053555986,-0.012045905695660072,1.0
-1.1873380934400992,-0.015021425929511622,1.0
-0.8576412259173423,-0.1965279738029063,1.0
-0.9911619731460106,0.1565824926097912,1.0
-1.06683078401741,0.03716029570337933,1.0
-1.1272101425829182,0.4320449208226643,1.0
-1.032131377144106,-0.12394301426859855,1.0
-1.0759804227370524,-0.4046313226417176,1.0
-0.9653199792188197,0.5139207012926846,1.0
-1.425100239265294,0.0532823638121271,1.0
-0.9266088966087841,0.10936549285508396,1.0
-0.7129321332745281,0.23321683199001378,1.0
-0.9411640461175479,-0.5083593105087599,1.0
-1.0659312541686605,-0.07523865227706479,1.0
-1.0998832372598988,-0.061324627101634784,1.0
-0.9490970456873375,-0.08363638461121471,1.0
-0.8303248539671519,-0.11134174738528212,1.0
-1.0052982815447074,0.16745129797281794,1.0
-1.2623105762796134,-0.3458444838367069,1.0
-1.0892422607441794,-0.4098575647386796,1.0
-1.2292129275644392,-0.1915204610334134,1.0
-0.7118077563949989,0.31198883699928226,1.0
-1.0021437436963025,-0.007188384000024165,1.0
-0.7621701472032321,0.3640847645079477,1.0
-1.073971842912646,0.3591098000329815,1.0
-1.0781598858358645,-0.036682501545408676,1.0
-0.9368621809396832,0.18281437283801716,1.0
-1.1869768902754705,0.21153382098407109,1.0
-1.2304300830103194,-0.15367803253514795,1.0
-1.2648310825593914,-0.5612719944694372,1.0
-1.0586785771507832,0.15958974129126105,1.0
-1.3505707982242185,-0.04851355046850491,1.0
-0.4448749761012929,-0.35667029272740963,1.0
-1.180701811968491,0.034719648493111765,1.0
-1.2171287036969194,-0.21908313739233137,1.0
-1.2627862380755868,0.10747155696976674,1.0
-0.960582865903428,0.14319559400010226,1.0
-0.6104792661546692,-0.11858971758841617,1.0
-0.9226724428710461,0.5209679841705522,1.0
-0.9883423699968633,0.07919489649007534,1.0
-1.4432815488855733,0.27339267734075845,1.0
-1.1312456476359396,-0.16542023086116073,1.0
-0.8484711108892282,0.19653728558725092,1.0
-0.972322434330232,-0.391452576890041,1.0
-1.1423465138150821,0.3673971629085133,1.0
-1.0067378316873452,-0.040865484846541504,1.0
-1.4701678314643154,-0.05722957061760879,1.0
-0.7704932965436981,0.10521260960929445,1.0
-1.243280878317297,0.16027863193767217,1.0
-1.1814157583986726,0.20780630589844476,1.0
-1.5785277205314272,0.33258154262262796,1.0
-1.4555599619514776,-0.15611040260006467,1.0
-0.730424679180268,0.14538681629353992,1.0
-1.0537619066256603,0.0251184261962485,1.0
-0.9439435161715084,-0.1322349484089876,1.0
-0.7695301567565075,-0.02484207102951843,1.0
-1.1042858710571404,0.04758531820303861,1.0
-1.4214241829756231,0.12024440155475226,1.0
-0.7235570773963547,0.08211496710048952,1.0
-0.8419528377601343,0.22136184387281474,1.0
-1.038992608811657,0.03642856249972715,1.0
-1.5019852295520049,-0.24179711890941588,1.0
-1.100710271355325,0.30388002259499425,1.0
-0.8194658570964224,0.1216852757463769,1.0
-0.7368856146967477,0.19894709123448856,1.0
-1.0224117967091741,-0.33824782486640054,1.0
-1.0794135926932076,-0.006580568604789399,1.0
-0.6264056312685433,0.17042908961656503,1.0
-0.9021993924783476,-0.07620818054891372,1.0
-1.050425077819747,0.2682331737381588,1.0
-0.874015101633772,0.043134633962266376,1.0
-0.9126070267677474,0.24009337102620373,1.0
-0.9405328189434733,-0.01560288442603802,1.0
-0.7812362377816032,0.020693383606763177,1.0
-1.166393550412301,-0.15946369346641842,1.0
-1.004281798043718,-0.17000310098057736,1.0
-0.9935759589418127,-0.13661646519786905,1.0
-1.0774239470338045,0.10617642838127953,1.0
-0.9340675755746042,-0.007153414770301121,1.0
-0.8591680041617343,-0.35759004942177275,1.0
-1.0152688474680087,0.018132099042409137,1.0
-1.1577948701166256,0.0042612982736878816,1.0
-1.3135131135779248,-0.2207257043203908,1.0
-0.8999869105620525,-0.1522177650497561,1.0
-1.2049720932475476,-0.2143263334170587,1.0
-1.0170726750926484,-0.023169313870976812,1.0
-0.9051120446648585,-0.11600355505874262,1.0
-1.2745252812983667,-0.23020176215672464,1.0
1.4634338337857051,0.9818169988618669,2.0
0.8329107795454803,1.1137644841660779,2.0
-0.6355476074162651,1.1248507462014572,2.0
0.8555376663579144,0.6948565450211031,2.0
0.5837969008391185,0.7726788127839088,2.0
-0.29138826004779184,0.6132047517004733,2.0
0.6351541078947864,0.7971873333299389,2.0
-0.4073578091351875,1.0014058535870696,2.0
0.214206975242558,1.122730509049727,2.0
-0.15060462925630713,0.9500443173801175,2.0
0.17268813980870723,1.1720912457557446,2.0
2.0323706692189254,0.7109609311929068,2.0
0.671131786592088,0.7460790252895165,2.0
0.4306043083485248,0.7774949097561381,2.0
0.04245101771066423,0.9863310600432996,2.0
-0.3299098813205382,1.0869610151026716,2.0
0.4582412884029245,0.9528828569565764,2.0
0.9379648536544649,0.9981931215299436,2.0
1.7596896906093111,0.9550892627257229,2.0
1.0861809756982421,0.9044096655684593,2.0
0.23167607358186437,1.3242799502849696,2.0
0.7323809623612599,1.2220111303687866,2.0
1.300763084028162,1.0608781984224678,2.0
-0.9498078963084562,0.8324175071390086,2.0
0.7972049627991082,1.0337143180254478,2.0
0.5483389348355246,1.4669109190388283,2.0
1.4860668680447084,1.2536464452676244,2.0
1.3221043603912803,0.9918756622355104,2.0
-0.444145624652446,0.7904375634335703,2.0
1.953973269496086,1.058248920889491,2.0
2.3122604695035616,0.8989391697115681,2.0
0.7729543873832199,0.850155692276076,2.0
-0.03191603098130613,0.9662586030452023,2.0
1.1399457084925952,1.1265101245706892,2.0
-0.22818521110612155,1.002326249164647,2.0
0.4607078375720457,1.1228053614336888,2.0
0.14291134589575932,0.8801444770618829,2.0
0.918199579441404,1.2258876906994978,2.0
-0.11776516270196258,0.9608810978067448,2.0
-0.5147835079867635,1.1436425728405415,2.0
-0.7594206059386577,0.6809512175147653,2.0
-0.15141877378571078,1.181956630028771,2.0
-0.7354809647186131,0.9964058955966051,2.0
0.137154742015328,0.8638134859183891,2.0
0.38262754589832554,1.2083367548358013,2.0
0.16880298891698214,1.01471778288807,2.0
0.31827322486581344,0.7241120201961002,2.0
1.3688512923785803,1.06004884311648,2.0
-0.009507987307546761,1.2104103153090953,2.0
0.22116458362156388,1.1032217239358562,2.0
-0.26302884530464343,0.9787592238434085,2.0
0.5115563941789963,1.3562581811998575,2.0
0.24155760529513998,1.232169091443376,2.0
0.8590031713436179,1.1170150017898954,2.0
0.3418766960073097,1.2445628885589688,2.0
0.7778337444597057,0.8328654696422109,2.0
-0.05933911247731771,1.2004506726557966,2.0
0.6183542267688624,0.9806439719580848,2.0
0.7625234058751993,1.242760098745818,2.0
-0.27241848543122305,1.0410080821556265,2.0
0.36095025255525304,1.2034589547132883,2.0
-0.07670266990390462,0.9920324694927792,2.0
0.024613178700784888,0.8078394368247198,2.0
-0.09609039123295693,0.7823768134137232,2.0
0.10889987929505884,1.2109598750961332,2.0
0.3770459387386824,0.9613058929540031,2.0
1.2725425712342953,1.1631358972012604,2.0
-0.17283853532085847,1.3572513377817697,2.0
-0.13429359508668315,0.7327332636159298,2.0
0.066235701304592,0.9914789688538757,2.0
0.9911693176335474,1.2243696038304672,2.0
1.9754297389449835,1.0021436335470735,2.0
1.5654837565244935,1.0422141744855125,2.0
-0.16159403318747156,0.8971848578587456,2.0
0.3500535630265519,1.231982043771351,2.0
0.7064963706155135,0.8121380320188265,2.0
0.4689802219521394,0.8176556096096492,2.0
0.4378537387259423,1.2655048259644868,2.0
-0.7307849183841506,0.7798954992677933,2.0
-0.965642573138126,1.0424783425621775,2.0
-0.2872415232953852,1.0761181158594106,2.0
0.7283595224695154,1.27958402464573,2.0
0.3633497650050588,1.0473308077293675,2.0
0.3645475046818276,1.0273605187647128,2.0
-1.0647238243929873,0.8598295729484966,2.0
0.9712073451147256,1.1721833441623322,2.0
1.5478577371964177,1.0103091013859304,2.0
-0.06280403042889782,0.7991001589442424,2.0
1.2951872061047633,0.8320143995905476,2.0
0.4369288345669242,1.0075640315156225,2.0
-0.0006280664703526284,1.0627966743174273,2.0
0.07990634336078212,1.3069479198596743,2.0
0.08717307478304182,0.978095903371374,2.0
0.17818877478091105,1.0925215293287813,2.0
0.8886075362870519,1.0128977418238938,2.0
-0.7502197026825057,1.0626634944391067,2.0
1.2688379936835261,1.169086005241064,2.0
-1.2764869851555876,0.7575332095086422,2.0
1.3060010103980995,1.177118754889394,2.0
0.28686460539852715,1.000081357536101,2.0
0.208643646794003,1.0543757549881865,2.0
-0.14827375625916983,0.8732250450742112,2.0
0.06549702426510406,0.6591641580779507,2.0
-0.37822146427086467,1.2259170886175783,2.0
-0.009887417074561089,1.055068259918493,2.0
0.024679588927475515,1.1371326725774875,2.0
0.8203856535290508,0.9397405236400596,2.0
0.874056332092503,1.0842283018313363,2.0
0.8477520946424839,1.0672570167051345,2.0
0.509759223435033,1.0326266104204473,2.0
-0.31341135687471966,1.0981027606763605,2.0
-0.41302623763168655,1.0192993103821524,2.0
-0.12030917661784091,1.0513454731652032,2.0
-0.07165660808862873,1.3780364541610877,2.0
1.4803325071532036,0.9267621915195102,2.0
1.6425692413242352,0.8636977117533898,2.0
-0.24937402824735033,0.9755517262286826,2.0
2.3382912798247215,0.842214113146803,2.0
-0.051914582381737406,1.1319889830655019,2.0
0.9362855806221826,0.9300323960760062,2.0
0.467799083743143,0.8841153604186157,2.0
1.0626070761467394,0.9330929867825597,2.0
1.1892253233588779,0.8201179465366376,2.0
1.0282389891281762,1.059367082771741,2.0
0.4122166607540741,1.0553274784917004,2.0
-0.445441885377314,1.0407265419197815,2.0
0.23744335691904628,0.718762441623003,2.0
-0.16981967420353816,0.9657378481353961,2.0
0.5808198600581556,1.216379279002469,2.0
0.15920580426256042,0.5546276831408132,2.0
-0.16275929247214715,1.1931646173662762,2.0
1.1061521579952434,0.9954166266556674,2.0
0.5945558698321383,1.2314436016340005,2.0
-0.3550046610176094,1.2859701808689183,2.0
1.2133780616856829,1.2067116248398766,2.0
1.025584154886094,0.9528865620813307,2.0
1.1334457282107397,1.2393118780607213,2.0
-0.4797361037303032,1.004699778519597,2.0
0.9848089683645788,0.9535932305380759,2.0
-0.14529701283094432,0.7742802076632639,2.0
0.596172874841743,0.8111372022318,2.0
1.0098716554374905,1.0552877414069277,2.0
-0.24362357414156532,1.0355275441393499,2.0
0.14109651466719808,0.91455099278702,2.0
0.5507565858106174,0.9709021737518038,2.0
0.018103509324354783,1.037556034755959,2.0
1.6678539888269042,0.6304341891645673,2.0
0.5108225926288392,1.1825228325488226,2.0
0.773798182118181,1.1792674423543148,2.0
0.5722683054209492,1.1373730831631206,2.0
0.4655016611021959,1.2146394120442738,2.0
1.0084073184496716,0.9973330620781073,2.0
-0.5028563236202592,0.777938754764936,2.0
1.056552014970734,1.169848388662075,2.0
0.6768450525630213,1.108721031130774,2.0
-0.09459575200352521,1.0997680351578212,2.0
1.5256552999070805,0.7119591055018695,2.0
1.6225405511986815,1.1596018720421322,2.0
-0.4856064078912594,1.2148422777486116,2.0
-0.17011186850688753,0.7557774966130185,2.0
0.7829703508201764,1.20861889349732,2.0
0.30207351644371483,1.1706313809811901,2.0
0.1012660275389703,0.6855673406049373,2.0
0.9470403282758706,1.0738253706343763,2.0
0.8571834803991143,1.039580900558976,2.0
0.5699468147820018,0.8321761849303101,2.0
1.3844531494398304,1.0494296537165486,2.0
-0.379650154038391,0.9901471001503074,2.0
0.4907928524614773,1.1444191600690319,2.0
0.3104586314219635,1.0914214446110848,2.0
-0.5177084473287654,0.7898199386990898,2.0
1.1583777921177192,1.2734289771207252,2.0
0.5485970979059921,1.229297685039751,2.0
0.20396319651665656,0.7796365405569341,2.0
0.8402285871838304,1.0460969880774642,2.0
1.3851100446610547,0.9690044245085111,2.0
-0.6331545804445933,1.0707964402332832,2.0
0.4128102959764827,0.886960117150241,2.0
0.688553484132476,0.5240262176412487,2.0
2.0388441733787093,0.6580667626345686,2.0
-0.33466712473004023,1.051118798299788,2.0
0.5125245075754387,1.4000356667514577,2.0
0.188148894619723,0.9142374647721611,2.0
0.39912588443001146,0.9907240100935132,2.0
1.4110881821336874,0.9732840534165429,2.0
-0.19085353223585189,1.0412003641529624,2.0
0.39793153094408507,1.2260433180077766,2.0
0.4058309889847186,1.0818623796714466,2.0
-1.0550455722693053,0.865929321553548,2.0
1.4900094712593708,1.1619317833777738,2.0
-0.9949201063759152,1.2470581071425575,2.0
0.7039690584541156,0.9971639887135412,2.0
-0.05143204639352783,0.8758746645425088,2.0
-0.14021203805197746,0.7091519913965314,2.0
1.519734385352856,0.9587505623434289,2.0
-0.6970376173630923,1.1599615871072735,2.0
0.9384585353283755,0.822323526937496,2.0
0.887667996454706,1.2948879188303044,2.0
1.2628347492496772,1.0832446469222896,2.0
-0.9709206373308279,0.981984178011487,2.0
